machine_id,cycle,timestamp_min,vibration_rms,vibration_peak,temperature_spindle_c,temperature_coolant_c,current_draw_a,load_pct,rul_cycles,source
CNC-01,1,0.0,2.498598085856165,6.584951848362208,50.03825502523882,27.92563186849784,18.57830563642077,53.426544001975394,280,cmapss_proxy_synthetic
CNC-01,2,6.0,2.4066674106564916,6.947141253692101,51.122654498086966,28.52500275698017,18.58188327631587,57.774259624082994,279,cmapss_proxy_synthetic
CNC-01,3,12.0,2.5398054239014978,6.556062777171713,48.734099992966044,27.340310838195204,18.857741646559266,54.396039535042334,278,cmapss_proxy_synthetic
CNC-01,4,18.0,2.5570250868368096,6.5353180144109135,47.601459390256544,28.873286211089646,19.765421485159905,56.50462864936055,277,cmapss_proxy_synthetic
CNC-01,5,24.0,2.351637868231746,6.469644792315705,49.03963489306267,29.208747579692137,18.770174346732183,57.6222413502449,276,cmapss_proxy_synthetic
CNC-01,6,30.0,2.400417532636582,6.435733064717359,49.64672320808743,28.703910985145782,18.91273632841926,56.6767904996155,275,cmapss_proxy_synthetic
CNC-01,7,36.0,2.504678803131162,6.413687779749238,49.715320725212905,27.59525906465413,18.093989317085217,56.367899725227325,274,cmapss_proxy_synthetic
CNC-01,8,42.0,2.4732323824700604,6.501118521980938,51.32287788803532,29.83151153950353,18.00054652106513,56.39013005978111,273,cmapss_proxy_synthetic
CNC-01,9,48.0,2.494543692145406,6.677319534476785,49.24525435503891,29.34847487513268,,56.42834446497198,272,cmapss_proxy_synthetic
CNC-01,10,54.0,2.433312312039989,6.7714188175113685,50.33321780470046,28.465103901624076,18.218992194120517,55.70676183433657,271,cmapss_proxy_synthetic
CNC-01,11,60.0,2.5562617320471857,6.729673410304071,48.448678243298936,28.863224785324817,18.15635506408293,56.040078499101135,270,cmapss_proxy_synthetic
CNC-01,12,66.0,2.5464103938947464,6.582124353523825,50.551610555916284,27.853436183724728,18.695556233412095,59.33203437134835,269,cmapss_proxy_synthetic
CNC-01,13,72.0,2.4918999042655994,6.916784069190057,49.92307513442033,28.258699263455817,18.658751260753455,56.80530100758872,268,cmapss_proxy_synthetic
CNC-01,14,78.0,2.5643427022413467,6.893342261969442,48.83878448943138,28.665256019928734,18.205164598832962,55.76543517102458,267,cmapss_proxy_synthetic
CNC-01,15,84.0,2.5122100225545383,6.723937429516377,49.56331520993252,30.13681952218382,18.507296241814085,56.27103177294896,266,cmapss_proxy_synthetic
CNC-01,16,90.0,2.411419220756675,6.631621038175837,49.606698578918476,28.546746096108237,19.30987792284857,58.98227999618323,265,cmapss_proxy_synthetic
CNC-01,17,96.0,2.4939918976788267,6.867685004850558,49.436755456683066,29.591918134449752,18.179594424618763,,264,cmapss_proxy_synthetic
CNC-01,18,102.0,2.3920190449738463,6.797118648935987,52.31562226234647,28.563633274601212,17.82610205778981,58.12591138036207,263,cmapss_proxy_synthetic
CNC-01,19,108.0,2.517439948821551,6.475728090668137,49.54798541961323,29.177558599745982,19.046874323962868,56.76714230587177,262,cmapss_proxy_synthetic
CNC-01,20,114.0,2.4433029952731466,6.740456374509388,49.2497548064251,28.79613756696095,18.758571132105658,58.111067922830884,261,cmapss_proxy_synthetic
CNC-01,21,120.0,2.4259274806470477,6.798400250001134,46.478941225063245,29.586511423657292,18.108545722701955,56.05862098344914,260,cmapss_proxy_synthetic
CNC-01,22,126.0,2.382247984431733,6.563501923108469,48.097837621421036,28.33524712229004,17.5365903856157,56.63048836265525,259,cmapss_proxy_synthetic
CNC-01,23,132.0,2.511098881640452,6.7657228970946095,48.88174716127309,27.388580162501516,,58.580768909495404,258,cmapss_proxy_synthetic
CNC-01,24,138.0,2.4035826878035595,6.4329851051253755,48.13789468764326,27.46796378535979,18.247158939104498,58.3289179119343,257,cmapss_proxy_synthetic
CNC-01,25,144.0,2.375403773027356,6.963518939554443,50.97110873079028,28.096260748234812,18.84550155192488,55.156778020276434,256,cmapss_proxy_synthetic
CNC-01,26,150.0,2.3723966668856766,6.931033368803996,48.592022735998924,27.403703373247396,17.59392655971325,55.24157835031985,255,cmapss_proxy_synthetic
CNC-01,27,156.0,2.427626836138099,6.621727420288582,50.52637505676593,28.703741648588885,18.04449606477951,56.69553504428555,254,cmapss_proxy_synthetic
CNC-01,28,162.0,2.4072770673941584,6.72383532790886,48.59604814350204,,18.390505494268247,59.21510817536783,253,cmapss_proxy_synthetic
CNC-01,29,168.0,2.4025306616390107,6.163883190352214,48.393016463877096,30.15853605737476,16.675694791761497,53.0461756667916,252,cmapss_proxy_synthetic
CNC-01,30,174.0,2.3959348834427456,6.388213573547954,48.041166983623775,26.604232688020733,18.45586477711379,56.496342050127694,251,cmapss_proxy_synthetic
CNC-01,31,180.0,2.511536153948343,6.535497844047426,48.002932196731194,28.134558619918163,17.19605270630696,53.58861163503041,250,cmapss_proxy_synthetic
CNC-01,32,186.0,2.320881742789151,6.362182058356279,50.301174594901276,26.91598718502746,17.952242402839563,54.62764087774455,249,cmapss_proxy_synthetic
CNC-01,33,192.0,2.3065141010223478,6.6885840725505155,44.31613245584388,27.35015588064135,17.846502810494787,54.88291090757433,248,cmapss_proxy_synthetic
CNC-01,34,198.0,2.2785598452241294,6.916533635747702,44.607419360813246,27.786542845447705,18.241731819220792,54.59659382583231,247,cmapss_proxy_synthetic
CNC-01,35,204.0,2.3758160663724754,6.275352771798988,46.54513368864968,25.620360329612613,17.89922047237415,54.21375631060401,246,cmapss_proxy_synthetic
CNC-01,36,210.0,2.40767367918922,6.319360522972799,47.19159084835343,27.682082266281654,16.267005107381678,54.909976961516826,245,cmapss_proxy_synthetic
CNC-01,37,216.0,2.31375883120551,6.506786232457673,48.0147988307748,28.99536240717388,17.07975934488705,53.81956973310224,244,cmapss_proxy_synthetic
CNC-01,38,222.0,2.2577405244298423,6.753775365919264,47.56091305108344,26.934806657637992,17.535139461108887,52.09703720330172,243,cmapss_proxy_synthetic
CNC-01,39,228.0,2.255865991472863,6.180692536477248,46.19438254758451,27.458377982129527,17.316718133284134,55.608504813439005,242,cmapss_proxy_synthetic
CNC-01,40,234.0,2.359825354425125,6.447962233820731,48.09365272140375,28.03180949210871,17.64626917148251,55.381414392694055,241,cmapss_proxy_synthetic
CNC-01,41,240.0,2.365031393306626,6.735971553080112,47.99975821335362,26.970752479415818,17.78610770182147,55.35519924969023,240,cmapss_proxy_synthetic
CNC-01,42,246.0,2.34995614082175,6.041385542889503,46.683798917956956,26.565443049344893,17.66528608562014,51.25531245786706,239,cmapss_proxy_synthetic
CNC-01,43,252.0,2.2630727421488803,6.097732260593975,47.72071159186446,25.094641715263883,17.203468805992284,54.134454070383484,238,cmapss_proxy_synthetic
CNC-01,44,258.0,2.328658606796666,6.250550811395667,46.656785593407854,27.505731142944718,16.31034930694279,54.611765578415216,237,cmapss_proxy_synthetic
CNC-01,45,264.0,2.3221094409239154,6.218941593641442,45.399895956931054,26.841831362549893,17.05545464587358,,236,cmapss_proxy_synthetic
CNC-01,46,270.0,2.3320223362141337,6.468029795205035,47.17259036649769,26.064646001096225,17.526209372624304,53.26091035879962,235,cmapss_proxy_synthetic
CNC-01,47,276.0,2.382377849187463,6.347737838351833,46.30173080176045,27.00905059562252,16.71841435489779,52.95024122533256,234,cmapss_proxy_synthetic
CNC-01,48,282.0,2.3398614274408596,5.947560652693929,46.13474259601759,26.408943298617906,17.659927888246397,56.093554198518746,233,cmapss_proxy_synthetic
CNC-01,49,288.0,2.3775151690308856,6.38935148926948,48.25999829738939,26.46104070420994,17.827176030636846,56.15771510807303,232,cmapss_proxy_synthetic
CNC-01,50,294.0,2.33908144620704,6.17356459390191,42.63157683014551,27.429013774370226,17.42845210445571,50.18138403403246,231,cmapss_proxy_synthetic
CNC-01,51,300.0,2.3612890565519686,6.534259609536091,44.15687363785458,25.819320148679743,15.73432964636784,57.00529321180638,230,cmapss_proxy_synthetic
CNC-01,52,306.0,2.3928139939478763,6.165172835900641,44.54182036835428,27.855982461456346,16.732742885854062,51.36074073575925,229,cmapss_proxy_synthetic
CNC-01,53,312.0,2.2499198620073995,6.167490516533232,45.795941729175965,25.84345300555408,18.480649825899235,54.487530776099206,228,cmapss_proxy_synthetic
CNC-01,54,318.0,2.3398262778168046,6.40349610036897,46.03470499861476,26.510389934194784,17.210935781367933,54.48736030524481,227,cmapss_proxy_synthetic
CNC-01,55,324.0,2.33746168391831,6.455339646744081,44.32694471130706,28.7397777025678,16.483015313379347,51.27774108867419,226,cmapss_proxy_synthetic
CNC-01,56,330.0,2.3342348374321875,6.404755455054521,45.188138648214434,28.136371553488523,18.27393226207979,53.786852263712085,225,cmapss_proxy_synthetic
CNC-01,57,336.0,2.369687198379395,6.001653699017055,45.48871269198976,,17.670215953241634,52.865223998630256,224,cmapss_proxy_synthetic
CNC-01,58,342.0,2.5066902680675724,6.450325403800305,50.39992859553278,26.549387506914087,18.31900735331777,54.04384323449928,223,cmapss_proxy_synthetic
CNC-01,59,348.0,2.3464992107602476,6.160793512057454,49.59899312743555,26.97881743436299,17.93400894281527,53.61255324941709,222,cmapss_proxy_synthetic
CNC-01,60,354.0,2.4884996155334336,6.427350931693957,46.56404342126728,27.57403637421278,18.096485671467363,55.324072658725804,221,cmapss_proxy_synthetic
CNC-01,61,360.0,2.307653071632589,6.124634326059269,46.793936446951435,27.637489641602663,18.1111088812332,53.607212931916855,220,cmapss_proxy_synthetic
CNC-01,62,366.0,2.41476706297781,6.511763127445351,45.82999435063256,27.626795227196375,18.359248842204064,53.35200904180499,219,cmapss_proxy_synthetic
CNC-01,63,372.0,2.4606107410939497,6.291452075549951,44.91001910341188,27.777292569279812,19.280724049808807,55.596087758449094,218,cmapss_proxy_synthetic
CNC-01,64,378.0,2.501001457483102,6.224027156329788,47.66649214444569,27.725304330849745,18.643825577281522,54.91497708262468,217,cmapss_proxy_synthetic
CNC-01,65,384.0,2.519723866259263,6.639974581153821,46.577794818539836,26.797625120124927,17.33441156443819,55.344409669284786,216,cmapss_proxy_synthetic
CNC-01,66,390.0,2.5351157883433943,6.575610753075731,48.073863440717524,27.67903446155798,18.496528096522017,53.22840824760626,215,cmapss_proxy_synthetic
CNC-01,67,396.0,2.4620614176349744,6.437374845968429,46.073148899344815,28.984897288740317,18.93797895491063,52.79536310610154,214,cmapss_proxy_synthetic
CNC-01,68,402.0,2.462692219764304,6.869413050968096,47.4602582700022,27.16980373608669,19.035499316281083,53.78387997120064,213,cmapss_proxy_synthetic
CNC-01,69,408.0,2.5661498273230174,6.530380266470753,48.94886189776626,28.260649852733764,18.21786534839212,53.90079604499202,212,cmapss_proxy_synthetic
CNC-01,70,414.0,2.4985267220101743,6.65280071807355,49.43544642211263,27.829250840694336,19.136759145586698,56.4292862358853,211,cmapss_proxy_synthetic
CNC-01,71,420.0,2.4278607010794864,6.729383589952334,49.67714135204055,28.705880156214626,19.064953004515253,56.95011829927429,210,cmapss_proxy_synthetic
CNC-01,72,426.0,2.4449654767140543,6.5865061358854735,47.33569592731172,28.376197075019714,20.00582743588671,55.29064914455049,209,cmapss_proxy_synthetic
CNC-01,73,432.0,2.4666194681671145,6.829416348546699,50.621293924230116,30.02906696526534,18.260393589837115,,208,cmapss_proxy_synthetic
CNC-01,74,438.0,2.5742480473030045,6.663355792137576,48.38256996673964,29.293441223719434,18.43580665887197,58.20954025538948,207,cmapss_proxy_synthetic
CNC-01,75,444.0,2.5536885735013453,6.7164016135006195,50.58043066636388,27.839689326663215,18.584276949418168,56.5481578415716,206,cmapss_proxy_synthetic
CNC-01,76,450.0,2.5974596944157025,7.090970408652097,49.77696343199573,29.5724066169075,18.51973636115823,54.97842315229334,205,cmapss_proxy_synthetic
CNC-01,77,456.0,2.5206092510141764,6.650058851736639,47.92148878980142,28.417613830847955,18.33358537964206,59.11349807705396,204,cmapss_proxy_synthetic
CNC-01,78,462.0,2.5657215683399945,6.409184518134082,49.54661039798807,28.63572250785029,17.346768870540725,56.583264521166406,203,cmapss_proxy_synthetic
CNC-01,79,468.0,2.6015920786980624,7.219360565171667,50.61306757585288,29.428037311733682,18.622826230605177,57.050896663594116,202,cmapss_proxy_synthetic
CNC-01,80,474.0,2.5358324078429932,7.426619481147319,51.040611296992225,28.787029801004472,19.070403314368562,56.42894382202904,201,cmapss_proxy_synthetic
CNC-01,81,480.0,2.5918735245714695,6.87335396379359,50.01145011427545,29.977159006303665,18.61238120884966,55.65441830034541,200,cmapss_proxy_synthetic
CNC-01,82,486.0,2.511549793846115,6.596087826503445,52.46196649655696,28.594855260920756,19.925979519169477,54.81834601983302,199,cmapss_proxy_synthetic
CNC-01,83,492.0,2.532657671374363,6.933040725688798,51.73374353517944,28.734932803304083,18.884674878131097,58.389766470647004,198,cmapss_proxy_synthetic
CNC-01,84,498.0,2.5302976685324623,6.955940225478109,49.924975933996606,28.703994074448257,19.565702452061473,,197,cmapss_proxy_synthetic
CNC-01,85,504.0,2.4700992561733264,6.991188576139963,51.37131187753532,28.77184690368869,18.995462472643997,62.55359479511091,196,cmapss_proxy_synthetic
CNC-01,86,510.0,2.5891512117188467,6.825847690105729,53.05749453749586,30.1532021985633,19.281140491348648,55.768212009017084,195,cmapss_proxy_synthetic
CNC-01,87,516.0,2.5177002618294178,7.168952056080034,53.06303483160841,29.732420302398477,18.961318821180605,55.52325650315781,194,cmapss_proxy_synthetic
CNC-01,88,522.0,2.549374108797231,7.169437581605455,48.42454710983318,30.6066498537213,19.520650995525024,58.46004307484229,193,cmapss_proxy_synthetic
CNC-01,89,528.0,2.579689895137225,6.785226518831937,48.79794836010843,31.03323081077612,18.77833271156442,60.14470833117571,192,cmapss_proxy_synthetic
CNC-01,90,534.0,2.5735112170946493,7.220743202722865,52.19673654912629,28.2131652533133,18.978633637300465,57.71371372883825,191,cmapss_proxy_synthetic
CNC-01,91,540.0,2.585299133502796,7.4907730467543185,48.44859344259676,29.081583409331852,18.86751624276097,58.520179559799544,190,cmapss_proxy_synthetic
CNC-01,92,546.0,2.526141784034716,7.128531463448902,47.97075322084455,27.971312684042587,18.46976708336758,54.48641207898749,189,cmapss_proxy_synthetic
CNC-01,93,552.0,2.4984752225765057,7.032201329966117,49.067375936679795,28.237022294184463,18.797093247079193,56.34665032277259,188,cmapss_proxy_synthetic
CNC-01,94,558.0,2.5188812004559855,7.07184663301606,50.25554177118776,28.286458226560637,19.73561448021411,55.61403115474635,187,cmapss_proxy_synthetic
CNC-01,95,564.0,2.3988202520601916,7.219757723920593,49.377649261318155,27.848530152507298,18.331841974985963,54.16510684734791,186,cmapss_proxy_synthetic
CNC-01,96,570.0,2.411894603008029,6.761359710307329,48.45593954836488,27.769774490366018,18.651847937801776,57.37779902530481,185,cmapss_proxy_synthetic
CNC-01,97,576.0,2.416793603249985,7.128905164205485,48.28376314248177,28.445731853529214,19.051204161631723,53.364424672337975,184,cmapss_proxy_synthetic
CNC-01,98,582.0,2.436401982288663,7.017816598143033,48.0862824145878,27.455982245684186,18.93411780384871,54.75238692633117,183,cmapss_proxy_synthetic
CNC-02,1,0.0,2.474780480818363,6.348819047110989,50.744106462993365,27.527895662985877,18.318256392756,56.5733585681049,260,cmapss_proxy_synthetic
CNC-02,2,6.0,2.3702445119237843,6.567044282275661,50.120695962764785,27.929972120740246,18.785821657845833,57.35587829769997,259,cmapss_proxy_synthetic
CNC-02,3,12.0,2.3385437724087637,6.673718843483781,49.3292615729281,28.641115568257963,17.266382376835796,56.311972845262524,258,cmapss_proxy_synthetic
CNC-02,4,18.0,2.4380033696131513,6.310229399656156,49.48685071322494,28.08143574835776,18.92559218405333,57.578971102630454,257,cmapss_proxy_synthetic
CNC-02,5,24.0,2.524803328906622,6.468993331404756,50.82585330138695,28.66480292527025,18.178130092684615,57.352124910705,256,cmapss_proxy_synthetic
CNC-02,6,30.0,2.597350052179418,6.711058744960999,47.591758475468914,29.908844922145445,18.801178529486958,57.03930529949643,255,cmapss_proxy_synthetic
CNC-02,7,36.0,2.537505393136774,6.643448019958152,49.028625959636905,28.517260501348844,17.747211267225758,57.261268146189394,254,cmapss_proxy_synthetic
CNC-02,8,42.0,2.380059768043894,6.811931961221377,48.27162560753917,29.736710501831016,18.515882837148055,57.85131715090334,253,cmapss_proxy_synthetic
CNC-02,9,48.0,2.4728206958642867,6.507777697866058,52.47077460472087,29.293364305777732,18.687310920727736,56.672156739163135,252,cmapss_proxy_synthetic
CNC-02,10,54.0,2.5109637031930934,6.891286444261072,51.17458692707282,27.660690730414693,19.225084952147732,56.788956733298576,251,cmapss_proxy_synthetic
CNC-02,11,60.0,2.507338683582878,6.526230930377823,46.71760897218447,28.02865825503502,17.780545356309723,60.01720167136788,250,cmapss_proxy_synthetic
CNC-02,12,66.0,2.5345602627497934,7.080014170674307,47.66774378199684,28.306535051533203,18.682807311247632,61.66274250764411,249,cmapss_proxy_synthetic
CNC-02,13,72.0,2.4299824522058593,,49.59768410982968,28.331528009229608,18.10352886040769,55.17282221426646,248,cmapss_proxy_synthetic
CNC-02,14,78.0,2.5000647683967276,6.544559065403443,49.03183672009993,29.006709027265252,18.97939699259796,55.031276200104905,247,cmapss_proxy_synthetic
CNC-02,15,84.0,2.5241365960391984,6.8343263943838455,47.71283502762906,29.621636606430886,19.136359942589465,55.45964487700087,246,cmapss_proxy_synthetic
CNC-02,16,90.0,2.5509265652487363,7.070429260305526,52.31297420932391,30.172058664288613,19.415234553298195,56.77889741739944,245,cmapss_proxy_synthetic
CNC-02,17,96.0,2.430215030876482,6.798002953148316,49.84093555235741,29.37847403614325,18.427980614704477,58.31941649812009,244,cmapss_proxy_synthetic
CNC-02,18,102.0,2.459298789161078,6.834783944378543,49.93991332189509,28.73659246246867,19.207599388348914,57.69169933734363,243,cmapss_proxy_synthetic
CNC-02,19,108.0,2.284612537416413,6.714805973808772,48.113185478726145,27.342794676573522,19.425147081569538,56.85861667202448,242,cmapss_proxy_synthetic
CNC-02,20,114.0,2.4289400491391926,6.495631980190278,49.99286292883065,29.121825435639394,17.779791108309098,57.29135628756971,241,cmapss_proxy_synthetic
CNC-02,21,120.0,2.4296395431428306,6.582779889762722,48.23913894687277,29.04484669924901,18.968435777709804,55.107205384082725,240,cmapss_proxy_synthetic
CNC-02,22,126.0,2.387073810256316,6.422962854688143,48.20576001690012,29.127918035233265,19.120010240372018,55.665166653755335,239,cmapss_proxy_synthetic
CNC-02,23,132.0,2.4649349742154416,6.3893996228490755,49.31470219037739,30.68540901383814,18.421701435211162,55.84363153893366,238,cmapss_proxy_synthetic
CNC-02,24,138.0,2.4410218720111976,6.695283729650253,45.906150572577,29.891577479913458,17.861338987118984,53.06344997565299,237,cmapss_proxy_synthetic
CNC-02,25,144.0,2.2740138381667183,6.375059086506598,50.36636531840481,29.434266619929588,18.973277724650433,53.55554764546111,236,cmapss_proxy_synthetic
CNC-02,26,150.0,2.4434895543585817,6.632689426305181,48.1434644538857,27.88474469145816,17.76093755984261,53.4110532353493,235,cmapss_proxy_synthetic
CNC-02,27,156.0,2.3521812735202374,6.292208383764456,49.540759158587704,28.173556581737675,18.253144092963314,56.30995253613995,234,cmapss_proxy_synthetic
CNC-02,28,162.0,2.4448756337908697,6.579170263459261,45.96591274700082,28.43072905676035,18.26532040997593,55.241162208061304,233,cmapss_proxy_synthetic
CNC-02,29,168.0,2.308423506026302,6.401257062859226,46.008137752624506,27.760215041315025,18.608255520957908,55.63335706116812,232,cmapss_proxy_synthetic
CNC-02,30,174.0,2.393701790887466,6.746117908997244,,28.729271473615107,17.816322918644147,51.38207832990041,231,cmapss_proxy_synthetic
CNC-02,31,180.0,2.362080271992383,6.5105737523666045,47.36450516901466,28.503144664196014,17.716466093330126,51.767613557803124,230,cmapss_proxy_synthetic
CNC-02,32,186.0,2.395407895516377,6.664627062514272,,27.181755564654715,18.070241797228295,55.11529142762436,229,cmapss_proxy_synthetic
CNC-02,33,192.0,2.3739551213091854,6.253311559229097,46.03979542086507,28.993001040650793,18.49087124326232,49.251007776782025,228,cmapss_proxy_synthetic
CNC-02,34,198.0,2.33835688001562,6.389661599992966,45.118299803121545,27.96552803447127,19.11380239368311,55.682371735933536,227,cmapss_proxy_synthetic
CNC-02,35,204.0,2.238308706090735,6.166706496716574,44.63820948583836,26.32027357190787,16.996919006462285,50.491925500518875,226,cmapss_proxy_synthetic
CNC-02,36,210.0,2.2352692432223384,6.258129219456089,46.290488297159825,27.624876261787005,17.915486839826066,54.7448602507478,225,cmapss_proxy_synthetic
CNC-02,37,216.0,2.2928843664779106,6.270086606174129,45.603679348039535,27.802724515311954,17.0952067096105,51.755794506894425,224,cmapss_proxy_synthetic
CNC-02,38,222.0,2.3282786889788434,6.163897457710146,45.21711961404403,28.286320699386586,18.171920782009874,54.83819599675732,223,cmapss_proxy_synthetic
CNC-02,39,228.0,2.279746778137914,6.054648673476223,48.37959644046672,,17.058444232044284,58.30453788293621,222,cmapss_proxy_synthetic
CNC-02,40,234.0,2.363990936357589,6.0043997738414765,45.99827145743857,27.986085956771515,17.148653251939137,49.18284414603587,221,cmapss_proxy_synthetic
CNC-02,41,240.0,2.295123172152776,5.8144044631531635,47.92870379855963,27.368290703542723,17.1471733847554,54.02317022543074,220,cmapss_proxy_synthetic
CNC-02,42,246.0,2.242853596886456,6.057646709937686,45.33315085299856,26.03445037415606,17.381818170429987,49.85480038896375,219,cmapss_proxy_synthetic
CNC-02,43,252.0,2.290306950089088,6.381415947879791,46.47288656281612,25.886578249024378,17.560658090043137,53.52554383421995,218,cmapss_proxy_synthetic
CNC-02,44,258.0,2.3254989325282596,5.945269470546203,46.07792324080198,27.96331731777374,17.616434212587276,52.48412486873988,217,cmapss_proxy_synthetic
CNC-02,45,264.0,2.3324631942400935,5.99065418955675,43.76833232442988,27.979395843395466,17.327466625399403,53.06416898614616,216,cmapss_proxy_synthetic
CNC-02,46,270.0,2.445083738183718,6.609679165371615,48.34202463194887,27.21020781344587,16.59427246584831,51.39107392898033,215,cmapss_proxy_synthetic
CNC-02,47,276.0,2.2633810723672143,6.141899372748983,46.17946380776621,28.169693320571287,17.693922590182833,54.24877740885905,214,cmapss_proxy_synthetic
CNC-02,48,282.0,2.308877586225707,6.336697828490994,47.553548421682635,27.785581340192085,17.26761986914501,50.65623538486942,213,cmapss_proxy_synthetic
CNC-02,49,288.0,2.3483797893575855,6.409885840851934,,27.4675563225239,17.92570884698432,55.198711396941796,212,cmapss_proxy_synthetic
CNC-02,50,294.0,2.3204222982076925,6.426754013536933,46.49389093796242,26.133692769071473,16.925199055605326,52.59662820817784,211,cmapss_proxy_synthetic
CNC-02,51,300.0,2.2913190743780523,6.015928598564337,45.6286343396608,28.37004619428664,16.457939842724436,51.09611785568927,210,cmapss_proxy_synthetic
CNC-02,52,306.0,2.2218751583384497,6.285116296092387,48.81354075013154,27.393015881382997,17.327238573113426,56.19638614116927,209,cmapss_proxy_synthetic
CNC-02,53,312.0,2.303454121897923,6.034050815522554,47.648665452769684,26.655482049886768,18.074334039985278,53.621912198782965,208,cmapss_proxy_synthetic
CNC-02,54,318.0,2.270439119173125,6.847955280242941,47.90353412003483,26.465158306076862,17.496546422486,57.061475341983645,207,cmapss_proxy_synthetic
CNC-02,55,324.0,2.231578816906436,6.082957364092535,49.512112379112224,27.29855186935537,17.342836336873155,56.12086407368783,206,cmapss_proxy_synthetic
CNC-02,56,330.0,2.3073245872830417,6.214196567489524,49.40775919905329,25.74442961044206,17.027230015168524,52.989578986403295,205,cmapss_proxy_synthetic
CNC-02,57,336.0,2.2984399374404694,6.241511511203843,49.03426891432699,27.809432364417525,18.498095448206257,54.37447826455785,204,cmapss_proxy_synthetic
CNC-02,58,342.0,2.425502118797922,6.179611453139249,46.07595257966985,26.50194379517262,17.04926379891939,54.92800543527108,203,cmapss_proxy_synthetic
CNC-02,59,348.0,2.4367292128794666,6.763159472053794,47.31229993416376,27.702395503862107,17.27404349382173,57.463705823040435,202,cmapss_proxy_synthetic
CNC-02,60,354.0,2.3386121777214326,7.000413042624806,47.05735247756173,27.047162030973606,18.03769977855806,55.88566592280055,201,cmapss_proxy_synthetic
CNC-02,61,360.0,2.3953713909304093,6.464357477089389,49.73579227752894,27.362682534175722,16.794798226461783,55.67254522572489,200,cmapss_proxy_synthetic
CNC-02,62,366.0,2.2908208447102765,6.328969492874967,49.11371442560586,27.05278133283052,18.55493776093007,55.26721531197275,199,cmapss_proxy_synthetic
CNC-02,63,372.0,2.3995327539873124,6.179575202274204,47.03848310951126,27.660312458854065,18.27515036799198,55.724440930457426,198,cmapss_proxy_synthetic
CNC-02,64,378.0,2.4742822003603124,6.597270042235197,48.93333098534467,29.492369105669038,18.49627692352312,58.164850474868864,197,cmapss_proxy_synthetic
CNC-02,65,384.0,2.515216949688572,6.611823412003315,47.207884998131824,29.17966710116851,18.385211438976185,56.21451524258276,196,cmapss_proxy_synthetic
CNC-02,66,390.0,2.4145020643288237,6.57448562117533,49.42575165678609,28.425271939077895,18.06983551900195,55.74272342923621,195,cmapss_proxy_synthetic
CNC-02,67,396.0,2.5512705905877286,6.771751479738358,47.24879110385205,28.216902940706817,17.654984263509593,55.637362230249416,194,cmapss_proxy_synthetic
CNC-02,68,402.0,2.375703530732485,6.8316598231999235,50.51046652018102,29.056256955194826,18.224273958002797,55.816115875789606,193,cmapss_proxy_synthetic
CNC-02,69,408.0,2.4038307990496337,6.842356973607371,50.39483543198271,29.402624597396713,17.842079344446798,54.562663506531784,192,cmapss_proxy_synthetic
CNC-02,70,414.0,2.5530474057847683,6.741031449472593,52.6839492496908,27.859099895122316,18.69738043415407,55.76826735639602,191,cmapss_proxy_synthetic
CNC-02,71,420.0,2.6299698561871705,6.609589485827269,51.2269791378671,28.589241056329566,18.933446499539674,59.5918772481134,190,cmapss_proxy_synthetic
CNC-02,72,426.0,2.5522261087739597,,49.44962948944245,27.21654406980327,19.354424052084628,56.87355100267304,189,cmapss_proxy_synthetic
CNC-02,73,432.0,2.5201504807310897,6.86500268928889,,29.776816010030046,18.812588359203083,58.4527345244877,188,cmapss_proxy_synthetic
CNC-02,74,438.0,2.3706253540790163,7.05200121357633,48.09888733091124,30.647399469653863,19.161248814270817,53.2569646548021,187,cmapss_proxy_synthetic
CNC-02,75,444.0,2.387921962571416,7.047021638020762,48.72559085524681,29.05165845985324,18.54650208341449,58.321096878280024,186,cmapss_proxy_synthetic
CNC-02,76,450.0,2.546928142357738,6.627819377909013,50.573784270503715,27.262599693476208,18.48814110847751,57.13339677525622,185,cmapss_proxy_synthetic
CNC-02,77,456.0,2.5151006818029544,6.635383190287948,46.95144831236869,29.613353188931736,19.035797192048772,56.60123032307121,184,cmapss_proxy_synthetic
CNC-02,78,462.0,2.463723162358505,6.775596824238373,49.954294574930174,28.387319444611336,18.598817534641597,,183,cmapss_proxy_synthetic
CNC-02,79,468.0,2.5497173547561993,6.722716316353129,48.47092555523101,28.624626864405933,18.974068073657072,56.509446849662645,182,cmapss_proxy_synthetic
CNC-02,80,474.0,2.554148364661998,7.079648973029592,50.0028735059541,29.733185891038403,18.270418157568407,53.76002046352422,181,cmapss_proxy_synthetic
CNC-02,81,480.0,2.613939948698846,7.002551825559601,48.207443255702785,29.435458687824497,18.37562238618988,58.704464839299646,180,cmapss_proxy_synthetic
CNC-02,82,486.0,2.5551109841638846,7.1481247434412625,50.259257654834535,28.816056678756038,19.196536470995625,57.484462461087205,179,cmapss_proxy_synthetic
CNC-02,83,492.0,2.6323395118789255,7.0090048622934935,49.552883311355295,28.674509760222122,19.327470237681414,56.44966272805205,178,cmapss_proxy_synthetic
CNC-02,84,498.0,2.5424191903538365,6.968574878761245,51.40735565704991,29.309778175229127,18.30529012191401,55.242333697991334,177,cmapss_proxy_synthetic
CNC-02,85,504.0,2.5308675002771364,7.1564692821705735,49.2567876513063,28.83401857457023,19.182386735961284,54.266213906810215,176,cmapss_proxy_synthetic
CNC-02,86,510.0,2.612567005548688,7.007349786325959,47.988503519947784,28.21040607746819,18.509351684435863,,175,cmapss_proxy_synthetic
CNC-02,87,516.0,2.4617544188157985,6.921039582361169,48.58168542318635,28.81770854219732,18.777077252376507,59.02792382929038,174,cmapss_proxy_synthetic
CNC-02,88,522.0,2.7306783866970368,7.187425301713253,46.83860576004326,29.328404909185917,19.49916546182421,56.52368214607637,173,cmapss_proxy_synthetic
CNC-02,89,528.0,2.5505379397887324,6.911352276748855,49.19321317259985,28.83138831486593,19.131031543013037,53.72241394808271,172,cmapss_proxy_synthetic
CNC-02,90,534.0,2.5461449354900703,6.8190982834525435,49.29053898182271,27.72391194558443,19.081309363806895,56.18563684602423,171,cmapss_proxy_synthetic
CNC-02,91,540.0,2.551545740657665,6.704249034859997,51.83004947888587,29.665480009274987,19.63491209435247,55.533076552730776,170,cmapss_proxy_synthetic
CNC-02,92,546.0,2.6438002558656586,6.993758874777872,47.214454827802875,26.451406916432486,18.173313557232248,56.852338297076095,169,cmapss_proxy_synthetic
CNC-02,93,552.0,2.560597048641015,7.087045516583045,47.56375556408447,28.2891938492416,17.967469698144797,56.234045140845105,168,cmapss_proxy_synthetic
CNC-02,94,558.0,2.382935003341835,6.825461668647682,46.965477849149146,28.050999645644254,18.054124537810303,50.11531156689741,167,cmapss_proxy_synthetic
CNC-02,95,564.0,2.594674441468663,7.080476727324899,,28.600903508107226,18.249290788126764,55.75526571537723,166,cmapss_proxy_synthetic
CNC-02,96,570.0,2.4644589849888265,,48.058340541410935,28.850318740077853,17.05698311614853,53.02024805119828,165,cmapss_proxy_synthetic
CNC-02,97,576.0,2.4924404919626255,6.7976211865527425,47.303934036072505,29.225723958165847,18.157874528310835,52.159090661758555,164,cmapss_proxy_synthetic
CNC-02,98,582.0,2.3887712316661682,6.793991885264884,48.82915470889695,27.5811912201106,17.917653020604956,54.03332817554829,163,cmapss_proxy_synthetic
CNC-02,99,588.0,2.515431623597047,6.65498208388419,46.27374517971872,28.573389287341524,18.577840672938176,54.873930025169095,162,cmapss_proxy_synthetic
CNC-02,100,594.0,2.4279106433105726,7.258315065446747,48.494152237552065,28.147899646784253,18.289517004125464,51.35391865453546,161,cmapss_proxy_synthetic
CNC-02,101,600.0,2.4799607358334526,6.7792605496211715,47.776967996655436,26.451185470561153,17.721790145600853,55.10427940000171,160,cmapss_proxy_synthetic
CNC-02,102,606.0,2.4509793816504604,6.71355206336568,46.928229701230066,29.39450126719822,18.31468277312673,55.09850250216134,159,cmapss_proxy_synthetic
CNC-02,103,612.0,2.6095356479147385,6.801379655241736,46.45341866698153,26.5033041600916,18.340187188049107,53.83166028854363,158,cmapss_proxy_synthetic
CNC-02,104,618.0,2.614033007119571,6.411555606558976,50.38070197754669,27.98365515225477,17.492287143737634,52.25668043380814,157,cmapss_proxy_synthetic
CNC-02,105,624.0,2.47596455306249,6.662392553583637,45.70766338371194,27.884686343660775,17.603437671520762,52.02624115136519,156,cmapss_proxy_synthetic
CNC-02,106,630.0,2.4795045164411507,,47.32983598474567,27.721746276738855,16.63553214798466,55.309516766154374,155,cmapss_proxy_synthetic
CNC-02,107,636.0,2.4513097844139935,6.713356807843946,45.856104029065975,27.015850416160475,17.221469609155232,51.11881098745639,154,cmapss_proxy_synthetic
CNC-02,108,642.0,2.562178734204959,6.6915317958416916,49.562251790667474,28.075934436404566,17.388733029335253,55.38572708747831,153,cmapss_proxy_synthetic
CNC-02,109,648.0,2.4642855802121386,7.128733883103161,48.34126822150909,26.02933742686554,17.8153497435803,53.39536092439024,152,cmapss_proxy_synthetic
CNC-02,110,654.0,2.464141544811062,7.158031836067205,46.1790802236362,27.253519792235718,17.25711363685626,53.56991660519486,151,cmapss_proxy_synthetic
CNC-02,111,660.0,2.5725421501228087,7.023909553637137,48.003571360615766,26.814117852618192,17.489598787074915,50.99107311756911,150,cmapss_proxy_synthetic
CNC-02,112,666.0,2.472025845624174,6.863864587217344,47.76323226793372,26.70831398822587,17.111523876517808,53.669543535740395,149,cmapss_proxy_synthetic
CNC-02,113,672.0,2.5178494591968543,6.938504350772712,46.79128021225382,27.63761203446951,17.879152951076126,55.04646036515769,148,cmapss_proxy_synthetic
CNC-02,114,678.0,2.417564360053641,6.86400187720397,48.78542328457199,28.19364875722098,18.037444877878507,51.97079114929725,147,cmapss_proxy_synthetic
CNC-02,115,684.0,2.594011687267094,6.865388201055172,48.426979972495715,27.022254592419362,18.05288786128508,55.15886737397713,146,cmapss_proxy_synthetic
CNC-02,116,690.0,2.6959500270108596,6.89711935077951,48.36273082059908,27.99924139730773,17.877503223266807,54.660523198845354,145,cmapss_proxy_synthetic
CNC-02,117,696.0,2.6219984289747904,7.024411255296208,48.189187881808465,27.42882750493719,17.080891910024267,53.64497971932845,144,cmapss_proxy_synthetic
CNC-02,118,702.0,,6.989919466074824,49.07793383408374,26.691164745744118,17.627363141046157,56.325462777732454,143,cmapss_proxy_synthetic
CNC-02,119,708.0,2.5395706415603154,6.935982506137691,49.0038986840874,27.288480717945575,17.797821947550812,51.502592747721586,142,cmapss_proxy_synthetic
CNC-02,120,714.0,2.633946589561503,7.335194259816553,48.98213712232854,27.327336080627703,17.86186242362631,55.94071645989792,141,cmapss_proxy_synthetic
CNC-02,121,720.0,2.566199199456373,7.3917733122163645,48.20287844794705,27.076566858200547,18.187879656470102,58.2826783242602,140,cmapss_proxy_synthetic
CNC-02,122,726.0,2.6355462267875422,7.733216495237858,51.797598758464765,28.113045448356306,18.99038222538084,58.236122069035055,139,cmapss_proxy_synthetic
CNC-02,123,732.0,2.7259712829361797,7.328486181404623,48.08061499223186,28.04939542279276,18.737306733030508,56.758777343188186,138,cmapss_proxy_synthetic
CNC-02,124,738.0,2.696639578627322,7.575306439770958,50.443937912362955,26.622377211031107,17.84817600699598,55.87702070219843,137,cmapss_proxy_synthetic
CNC-02,125,744.0,2.6069636592385277,7.638587501533007,49.60047110326206,26.683710077691906,18.8343644295358,55.58675229601441,136,cmapss_proxy_synthetic
CNC-02,126,750.0,2.6337033712319986,7.589217613696017,52.8256973769417,28.545561201843494,18.90373496244634,56.39687742105026,135,cmapss_proxy_synthetic
CNC-02,127,756.0,2.648916224791211,7.845810806572954,49.21646452826068,27.626266093103578,18.21539080773165,58.05273505649969,134,cmapss_proxy_synthetic
CNC-02,128,762.0,2.803898593174396,,49.677829149678594,28.69059111948258,,56.07817365414964,133,cmapss_proxy_synthetic
CNC-02,129,768.0,2.937365083721284,7.8900490818392965,49.55127063203955,29.22113341142752,18.755201425370544,58.908577691322385,132,cmapss_proxy_synthetic
CNC-02,130,774.0,2.9071278865572463,7.839506890880194,51.61543003163178,27.62732543330959,18.177589683964886,61.41944807599993,131,cmapss_proxy_synthetic
CNC-02,131,780.0,2.692722955940999,7.882766516421143,49.363571021013435,27.63949673591469,19.282132307805025,58.02899105307077,130,cmapss_proxy_synthetic
CNC-02,132,786.0,2.951615535188866,7.748677335182795,50.830872617312615,30.361447006998823,19.25039616922118,56.13303223799001,129,cmapss_proxy_synthetic
CNC-02,133,792.0,2.9365725670764347,7.920727797193619,48.586702100578655,29.378451022157673,19.10612806689112,56.33993738152623,128,cmapss_proxy_synthetic
CNC-02,134,798.0,2.7774662419742064,8.018495434050694,52.18447179291533,28.856663346807178,19.302993798930945,60.03348830089297,127,cmapss_proxy_synthetic
CNC-02,135,804.0,2.886134092449267,7.9817698089977815,51.25529324180705,28.5465408061009,19.02677042106026,58.83162355296071,126,cmapss_proxy_synthetic
CNC-02,136,810.0,3.0056838214061936,8.34699512420311,49.954653540290394,29.02011940422386,19.83355318464651,60.53859742743517,125,cmapss_proxy_synthetic
CNC-02,137,816.0,2.9848344921570877,8.553800193942713,53.76659353959334,28.561390226687227,19.56624134210512,58.35560268853412,124,cmapss_proxy_synthetic
CNC-02,138,822.0,2.868858615970582,8.20150872843646,50.409802176285446,30.410044208005313,19.76133123763789,60.732807213059765,123,cmapss_proxy_synthetic
CNC-02,139,828.0,3.0244752516931066,8.49076404105237,53.513459264530276,29.115185549581593,19.941721536892175,59.20860925386534,122,cmapss_proxy_synthetic
CNC-02,140,834.0,2.8434411759623517,8.289477206355565,51.41286609125385,30.778391092664265,19.198073838257592,58.34966913660989,121,cmapss_proxy_synthetic
CNC-02,141,840.0,2.997569438510744,8.485985895843106,54.76878427203511,29.60733782272083,19.406240338530303,58.96594549192007,120,cmapss_proxy_synthetic
CNC-02,142,846.0,3.1112382411070216,8.463808948361823,53.566017050630194,29.142848106017606,18.758007900478653,57.70255513026919,119,cmapss_proxy_synthetic
CNC-02,143,852.0,3.045741509876148,8.767433761397804,51.04370416271915,29.72747762099351,20.312946622558886,62.99125977782948,118,cmapss_proxy_synthetic
CNC-02,144,858.0,3.023030728767433,8.568030574498396,51.168470214435246,27.93814377288761,19.404205112280753,59.5623311644981,117,cmapss_proxy_synthetic
CNC-02,145,864.0,3.1369643927360396,8.946736374389761,53.34076495508771,30.08818159823643,20.175287324916344,60.779369463637984,116,cmapss_proxy_synthetic
CNC-02,146,870.0,3.1565541537819737,8.749425160164666,52.05765151178868,30.08406406456048,20.342969653774926,58.80743903792335,115,cmapss_proxy_synthetic
CNC-02,147,876.0,3.1936302196810935,8.717449722089226,52.14632112759673,30.947180508026285,20.500888529118374,57.91868921067465,114,cmapss_proxy_synthetic
CNC-02,148,882.0,3.174729570183131,8.645528564935562,54.16615953426364,28.687469294871597,19.552550723693894,59.21443080200165,113,cmapss_proxy_synthetic
CNC-02,149,888.0,3.2016867681694894,8.984253358499968,51.19059713400527,31.25577830629846,20.18889169861367,61.3494105343352,112,cmapss_proxy_synthetic
CNC-02,150,894.0,3.1882837442347585,9.153711441491591,52.32681232064362,30.96747293299746,21.141846112777824,58.592915389971374,111,cmapss_proxy_synthetic
CNC-02,151,900.0,3.166015774089783,9.076190209290585,53.49026595542979,31.319091960476023,21.176156465882826,57.924553705936546,110,cmapss_proxy_synthetic
CNC-02,152,906.0,3.164490008730404,9.502886770553264,53.19621922843229,30.20356763815649,20.78914640906486,59.517060839093205,109,cmapss_proxy_synthetic
CNC-02,153,912.0,3.1519476828554485,9.38842348478038,51.713656518069826,31.07179159246809,20.439209572400877,59.97612913562507,108,cmapss_proxy_synthetic
CNC-02,154,918.0,3.0926404026289602,9.093043873354839,51.4385352443348,28.94892218516218,19.71100709149587,61.75008705443373,107,cmapss_proxy_synthetic
CNC-02,155,924.0,3.1220470334382413,9.13471936600104,49.262140720205785,30.741436400041376,20.634923106606745,59.50610429188673,106,cmapss_proxy_synthetic
CNC-02,156,930.0,3.181507074621902,9.33261346559734,50.15870796697523,29.44621740157079,20.151455560577606,59.86639992134705,105,cmapss_proxy_synthetic
CNC-02,157,936.0,3.2303524028458783,9.122707856511777,52.05576810423333,28.652955744879208,20.52676233124965,59.87239703970385,104,cmapss_proxy_synthetic
CNC-02,158,942.0,3.328126185376168,9.559709146743993,51.32212977737609,,19.867589367710302,56.66731432690412,103,cmapss_proxy_synthetic
CNC-02,159,948.0,3.2331544911476082,9.450272831603016,51.559363531117604,29.92445374040186,20.099761885020303,56.86893032448497,102,cmapss_proxy_synthetic
CNC-02,160,954.0,3.3206394959497514,9.478819296439312,52.887890033627315,29.162811970873623,20.264817328595026,56.56508139941894,101,cmapss_proxy_synthetic
CNC-02,161,960.0,3.3388666661321005,9.613639370416454,49.63222602145232,30.104905932199618,20.29206543767058,56.05895445103954,100,cmapss_proxy_synthetic
CNC-02,162,966.0,3.257891045754595,9.868582809073366,50.964709216086256,28.203245736086785,20.40911357847803,59.48328932452034,99,cmapss_proxy_synthetic
CNC-02,163,972.0,3.3314938243800034,9.621232337070673,51.55304678863806,27.868972968602733,19.814365993175755,58.575269469920435,98,cmapss_proxy_synthetic
CNC-02,164,978.0,3.286070950730354,9.623671141693745,50.25878035979759,30.743550274866998,19.388253189490815,58.16760672834223,97,cmapss_proxy_synthetic
CNC-02,165,984.0,3.4146182393016056,10.000510518197377,53.34173509183326,30.287412891293304,20.98003341699525,53.71366553731863,96,cmapss_proxy_synthetic
CNC-02,166,990.0,3.3819937234194968,9.958570130157197,52.613644582139834,28.58776351641665,21.439042256837247,61.35533904788221,95,cmapss_proxy_synthetic
CNC-02,167,996.0,3.268329214420168,9.77408508034076,51.76610022979111,29.41206641296243,,56.47869939674582,94,cmapss_proxy_synthetic
CNC-02,168,1002.0,3.3846151570906726,9.907840300456293,53.9939607742386,30.22179731711975,19.37627543037192,61.349670892929076,93,cmapss_proxy_synthetic
CNC-02,169,1008.0,3.5117626769751715,10.01862199284991,49.33336275769129,29.674684959225914,19.67906486735221,55.60337934710031,92,cmapss_proxy_synthetic
CNC-02,170,1014.0,3.401389909234864,10.128458962314829,51.582150790611514,29.41138495408171,20.38237168892455,56.70598779155647,91,cmapss_proxy_synthetic
CNC-02,171,1020.0,3.4692883232117744,9.874568343515415,52.24259331070486,30.179100907130906,20.848498157823116,,90,cmapss_proxy_synthetic
CNC-02,172,1026.0,3.5002847948185294,9.92344524010545,50.54030509383289,28.626369643929415,19.49261662397172,58.814242193472154,89,cmapss_proxy_synthetic
CNC-02,173,1032.0,3.4116198211103077,10.140323414840177,52.45284270352121,29.256713630518785,20.110548798927685,56.518915188988736,88,cmapss_proxy_synthetic
CNC-02,174,1038.0,3.5496731797283876,10.218449003326805,50.609016697492905,29.215821973011934,20.320773166210802,56.707735869841436,87,cmapss_proxy_synthetic
CNC-02,175,1044.0,3.440577558256389,10.378350459402997,53.39932455709132,29.012412752148688,20.72657854303912,56.37858925710342,86,cmapss_proxy_synthetic
CNC-02,176,1050.0,3.5253132897206383,10.729120398512585,54.14982508584356,28.935643112765476,20.12657835531186,60.1134962516525,85,cmapss_proxy_synthetic
CNC-02,177,1056.0,3.6786265176077975,10.677993913436385,53.25881088110279,29.356973373191934,19.527924479494956,60.21449528245572,84,cmapss_proxy_synthetic
CNC-02,178,1062.0,3.6590591096738745,10.858915331163319,50.45635829926629,29.368700644765372,20.77603892321958,62.261593411260286,83,cmapss_proxy_synthetic
CNC-02,179,1068.0,3.645012402599936,10.695612727785534,52.006569193289316,28.514617978062354,21.124174487330464,58.39207694337616,82,cmapss_proxy_synthetic
CNC-02,180,1074.0,3.733980074511483,10.96204407087386,54.501794629041164,30.135784788285395,20.556336874781508,60.155887839962304,81,cmapss_proxy_synthetic
CNC-02,181,1080.0,3.7337124878217356,11.288178836931792,54.02324009081284,28.720488477466084,20.911787970217006,57.95719141392398,80,cmapss_proxy_synthetic
CNC-02,182,1086.0,3.776412090313761,11.4150538530212,50.43032993603986,29.446927102897458,20.536474532540517,59.83863204973746,79,cmapss_proxy_synthetic
CNC-02,183,1092.0,3.861479712366768,11.286765955876644,56.42776702069611,29.48273627257275,20.443231567197166,59.857837148038094,78,cmapss_proxy_synthetic
CNC-02,184,1098.0,3.8016612367832727,11.592099923006476,55.173149848162076,30.142673733353348,21.5687049637554,61.816810000956444,77,cmapss_proxy_synthetic
CNC-02,185,1104.0,3.8978791889421234,12.125204742704721,54.14343604661045,,21.345079776257506,63.07744764542592,76,cmapss_proxy_synthetic
CNC-02,186,1110.0,3.9144697337129997,11.832011101745852,57.10878270290075,30.84218807385723,21.5285594796411,63.39409028417275,75,cmapss_proxy_synthetic
CNC-02,187,1116.0,3.8657324574237157,11.842256210720219,55.05843803920272,29.6648401285959,22.20893425400001,60.7363739445077,74,cmapss_proxy_synthetic
CNC-02,188,1122.0,3.9574568508234242,12.088302819686769,55.403961573385274,31.406198569899427,20.967838893425466,64.14946903160049,73,cmapss_proxy_synthetic
CNC-02,189,1128.0,4.181288250835584,12.287488048815948,57.27406388959798,30.13514836061545,21.384137794847263,62.809082519241414,72,cmapss_proxy_synthetic
CNC-02,190,1134.0,4.141459893079295,12.389719578376603,59.68519292453003,30.657786573215652,21.916861913558943,62.7289312561656,71,cmapss_proxy_synthetic
CNC-02,191,1140.0,4.064497845248478,12.564909181287286,59.81900347226206,32.47415288600252,21.68018348652345,62.47905479028612,70,cmapss_proxy_synthetic
CNC-02,192,1146.0,4.095499613058408,12.443303073086023,58.35600815729586,30.806189497274904,22.564526536410927,63.10671639341649,69,cmapss_proxy_synthetic
CNC-02,193,1152.0,4.2454295104798705,12.692524850585468,58.85571733715394,32.25623132747537,22.1999208307267,67.28494475260071,68,cmapss_proxy_synthetic
CNC-02,194,1158.0,,,59.67487521750961,31.427715308401815,21.926761054226702,65.29200589255818,67,cmapss_proxy_synthetic
CNC-02,195,1164.0,4.335413406426313,13.16322534149694,57.062265622740995,31.92506219851349,22.66134537090849,65.44087594959058,66,cmapss_proxy_synthetic
CNC-02,196,1170.0,,13.2443921552913,60.12776997467562,31.81693119604049,22.88175743643809,65.07967613730659,65,cmapss_proxy_synthetic
CNC-02,197,1176.0,4.470582925287984,13.48053137110426,58.46048865130613,32.652271911328356,23.458658789386085,69.89789151622325,64,cmapss_proxy_synthetic
CNC-02,198,1182.0,4.527573215517007,13.68792242283621,60.28194776274583,31.545000005691644,23.329968808078764,68.35348243910731,63,cmapss_proxy_synthetic
CNC-02,199,1188.0,4.445922254808064,14.010996725311164,59.78907900846934,31.47290140854883,23.529414351882064,65.33584997726109,62,cmapss_proxy_synthetic
CNC-02,200,1194.0,4.658040165898376,13.980163191829648,61.11840215345055,31.93869643746362,23.61447357189467,66.38552631798959,61,cmapss_proxy_synthetic
CNC-02,201,1200.0,4.6148090540548905,14.239562347253578,60.8328810461224,32.73049506744266,23.498842093602853,66.77983992084562,60,cmapss_proxy_synthetic
CNC-02,202,1206.0,4.749348168222244,14.218518108070406,56.48946280736263,32.628073633307125,23.37001755216371,67.65448012826354,59,cmapss_proxy_synthetic
CNC-03,1,0.0,2.448912040224084,6.75543214181127,49.95452816043201,28.349655187026805,19.36773552466884,58.563609751811796,240,cmapss_proxy_synthetic
CNC-03,2,6.0,2.461079777926777,6.57968341121593,51.37336027190099,27.979031796743314,18.632942699738962,58.464546662414485,239,cmapss_proxy_synthetic
CNC-03,3,12.0,2.517004380132705,6.456655707788515,50.48980191368301,29.477877946695653,18.78812824576639,58.540730795084755,238,cmapss_proxy_synthetic
CNC-03,4,18.0,2.2848406835420523,6.663835356671107,50.65531084579595,29.629822921291204,18.39399941916191,57.52956844080806,237,cmapss_proxy_synthetic
CNC-03,5,24.0,2.4975761701703507,6.432929882675569,50.63012660921828,29.35693606042687,17.524130694063267,56.32628880800438,236,cmapss_proxy_synthetic
CNC-03,6,30.0,2.48393242609872,6.486037920952612,47.84112717915961,29.273598552302563,18.93907121759442,58.273723030508066,235,cmapss_proxy_synthetic
CNC-03,7,36.0,2.5981274907554885,6.420710849400238,48.61838659579243,27.742130974782732,18.311871335888366,58.43770643114681,234,cmapss_proxy_synthetic
CNC-03,8,42.0,2.563256844316256,6.513015483600469,49.61537095108906,29.543486015689783,18.94633212239581,56.83685561340003,233,cmapss_proxy_synthetic
CNC-03,9,48.0,2.4138062098122006,6.998880744235277,48.87476161021131,29.611914740176985,18.562785279553424,56.608253501352124,232,cmapss_proxy_synthetic
CNC-03,10,54.0,2.585445259237506,6.601822110102631,48.375320910386286,30.153092328625032,18.83028859112843,59.070024031302566,231,cmapss_proxy_synthetic
CNC-03,11,60.0,2.4766451152402458,6.843576734362864,47.179496898251365,30.89810881214395,18.29631049218877,59.93379453235377,230,cmapss_proxy_synthetic
CNC-03,12,66.0,2.4288786187540876,6.594683709443767,47.88289609917774,27.696387566117888,19.186748402773954,55.915284122948684,229,cmapss_proxy_synthetic
CNC-03,13,72.0,2.505622678210523,6.908133822266763,49.37885626766489,,18.07547638231335,56.657241005385764,228,cmapss_proxy_synthetic
CNC-03,14,78.0,2.4732573570581344,6.5593408208022375,49.55533753506808,28.456388689079684,19.91911630598298,57.58778419917489,227,cmapss_proxy_synthetic
CNC-03,15,84.0,2.594085483390658,6.763627224583603,48.40210644192703,29.187651933791685,19.896513738819635,57.70639292245872,226,cmapss_proxy_synthetic
CNC-03,16,90.0,2.5023846925440707,6.760024532026471,49.529515155021656,29.00534602778014,19.543602989185842,55.9153543547573,225,cmapss_proxy_synthetic
CNC-03,17,96.0,2.486357147451761,7.194643345172429,48.6472892680959,28.73783067209356,19.317328914968954,59.73921545227449,224,cmapss_proxy_synthetic
CNC-03,18,102.0,2.5293026806701575,6.852021888053418,50.68456471586317,,18.542611621413617,57.16402051827659,223,cmapss_proxy_synthetic
CNC-03,19,108.0,2.5353452966362746,6.5993375297930355,48.71125855767331,27.859856342999006,19.171420754128487,57.16432755137702,222,cmapss_proxy_synthetic
CNC-03,20,114.0,2.5046639902887,6.832060799321202,49.76619471403283,27.822370832295118,18.436808115715063,58.99550451338258,221,cmapss_proxy_synthetic
CNC-03,21,120.0,2.541509417372407,7.096786983537196,48.86720346601474,27.740752671377127,17.591727847450407,55.14616603093737,220,cmapss_proxy_synthetic
CNC-03,22,126.0,2.473774755576752,6.341485872112607,46.36040397344419,28.195997478181006,19.17951158430011,55.52523348291523,219,cmapss_proxy_synthetic
CNC-03,23,132.0,2.4323450689268777,6.472691043027551,48.04952691161708,27.358743994663637,18.910473318902635,53.37984286998618,218,cmapss_proxy_synthetic
CNC-03,24,138.0,2.4996107331621094,6.56703071979124,46.19955307405814,28.237758743351623,18.21382314160207,54.93525043071439,217,cmapss_proxy_synthetic
CNC-03,25,144.0,2.3938647820227765,6.506953889725115,47.622256361648866,28.02430114309307,17.49647755700718,52.532358362236714,216,cmapss_proxy_synthetic
CNC-03,26,150.0,2.3928371788063396,6.497551367532487,46.50661222829779,27.385626584746298,17.767160034461135,55.99271311309131,215,cmapss_proxy_synthetic
CNC-03,27,156.0,2.504558666472181,6.281652443108554,47.93603214376247,28.66277861239214,17.02504879899914,55.22419750807936,214,cmapss_proxy_synthetic
CNC-03,28,162.0,2.487784134360994,6.782974929346215,45.2663257896309,27.762182110957315,18.443534997160604,53.85177379849316,213,cmapss_proxy_synthetic
CNC-03,29,168.0,2.361164947900298,6.205012697863253,47.042779330391966,28.590259667700504,16.99293145153446,53.92873671991354,212,cmapss_proxy_synthetic
CNC-03,30,174.0,2.320298596557747,6.416895884069279,47.679139820033875,27.422663811490867,17.940766747462003,55.146499102523336,211,cmapss_proxy_synthetic
CNC-03,31,180.0,2.4500565934392458,6.633992033574403,48.00786980366755,27.459681926008102,17.25988860163178,51.824078272836935,210,cmapss_proxy_synthetic
CNC-03,32,186.0,2.3947396352603585,6.39918615523271,45.46113729596655,26.906581476771443,16.877899137590045,53.85763631875863,209,cmapss_proxy_synthetic
CNC-03,33,192.0,2.3529680420534214,6.190295673476428,46.463801330015684,27.279645035898763,17.713848641878112,54.51410030960971,208,cmapss_proxy_synthetic
CNC-03,34,198.0,2.30102310508334,6.095955911756624,46.597589109840094,27.798059412940912,17.346392551167224,50.276634683103495,207,cmapss_proxy_synthetic
CNC-03,35,204.0,2.3429180090162998,6.293494182848493,48.4731238297443,26.777416521041634,17.926119527660088,54.22493501880577,206,cmapss_proxy_synthetic
CNC-03,36,210.0,2.313258547509313,6.172089300974981,44.04464403519792,27.49134419151453,16.741787737276812,50.23128325051519,205,cmapss_proxy_synthetic
CNC-03,37,216.0,2.263774173351265,6.343288670865704,44.81869217318607,26.316650267690925,16.976619060257544,52.72059525865243,204,cmapss_proxy_synthetic
CNC-03,38,222.0,2.3187225852952653,6.015936472904619,50.14299598517816,27.591612678128328,16.06245627966062,50.93950744355718,203,cmapss_proxy_synthetic
CNC-03,39,228.0,2.3274367932718443,6.4362791729881454,45.706486318296854,26.43322616146337,16.14577638620168,55.189112809012975,202,cmapss_proxy_synthetic
CNC-03,40,234.0,2.2812804741234785,6.291501618575352,43.393261340145386,27.614162438497157,18.277521109834428,50.91111269418242,201,cmapss_proxy_synthetic
CNC-03,41,240.0,2.374461563188631,6.300053288555494,45.31518511392198,26.94069385773601,18.420670264277422,50.114818421897425,200,cmapss_proxy_synthetic
CNC-03,42,246.0,2.4043487108505777,6.541033482906103,42.22548059086358,28.170230028045328,17.342623261180137,53.09923615766072,199,cmapss_proxy_synthetic
CNC-03,43,252.0,2.3846248834773904,6.174622640439547,46.6384093245899,25.93877908354404,16.852751604354836,52.26204744676493,198,cmapss_proxy_synthetic
CNC-03,44,258.0,2.2991865853508893,6.121435683532155,47.55579157980842,25.696028683926173,17.14953133611434,50.550702964758244,197,cmapss_proxy_synthetic
CNC-03,45,264.0,2.3787854657858944,6.162136548413329,45.19347423579414,26.458177878981576,17.80338018261629,54.011792041020946,196,cmapss_proxy_synthetic
CNC-03,46,270.0,2.336225286272162,6.240355593662548,45.96209638681388,25.86404900099175,17.082507406383076,49.99018569277077,195,cmapss_proxy_synthetic
CNC-03,47,276.0,2.248780235642765,6.272008219937989,48.11934522374633,25.92793549550155,17.524603899729552,51.71797591079816,194,cmapss_proxy_synthetic
CNC-03,48,282.0,2.3941593504145025,6.142411509420503,44.432389945770964,27.684164577184514,17.432399813908514,52.64830073288947,193,cmapss_proxy_synthetic
CNC-03,49,288.0,2.3649625173118256,5.927224029332643,45.22537351695555,27.240716202875923,17.181687599447528,55.10691252953702,192,cmapss_proxy_synthetic
CNC-03,50,294.0,2.550558631846046,6.232195732556498,46.9861180723765,26.932106684821427,17.260291186319503,56.120798593473424,191,cmapss_proxy_synthetic
CNC-03,51,300.0,2.478700642539442,6.4339377693614495,46.425842628417776,27.108468446418662,17.76386125130982,56.01493640781011,190,cmapss_proxy_synthetic
CNC-03,52,306.0,2.4354079596622045,6.414677451164197,47.286981293517535,27.036916350453783,17.14377977409775,54.16426773968109,189,cmapss_proxy_synthetic
CNC-03,53,312.0,2.412945115144534,6.648271390624271,46.09548217035079,29.035448621608737,17.985166632177666,50.64129808258401,188,cmapss_proxy_synthetic
CNC-03,54,318.0,2.4178584343039313,6.823601832996864,48.43101659025402,27.146123677085985,17.55987526953767,55.525346145096705,187,cmapss_proxy_synthetic
CNC-03,55,324.0,2.345028283603942,6.6196888363188435,48.11440454561029,26.771191388355614,17.95918731123521,57.54334272633612,186,cmapss_proxy_synthetic
CNC-03,56,330.0,2.3033592118182775,6.7716877128308965,49.32459113929548,28.670053178937437,18.71541317165031,,185,cmapss_proxy_synthetic
CNC-03,57,336.0,2.376954501651063,6.682952822767933,49.02217027319743,27.94018217504951,17.955877005310374,56.3506398339901,184,cmapss_proxy_synthetic
CNC-03,58,342.0,2.4473883552510283,6.8987668644064755,49.224323271443616,29.95319690353972,18.622156075795814,53.852475057576314,183,cmapss_proxy_synthetic
CNC-03,59,348.0,2.309998463330049,6.958434015864269,47.02831144005512,27.915703426048278,17.23582998069113,55.16913034346465,182,cmapss_proxy_synthetic
CNC-03,60,354.0,2.4328067012737162,6.81515939934101,49.99389504145303,29.18205126936125,18.026083622853662,59.437411248721844,181,cmapss_proxy_synthetic
CNC-03,61,360.0,2.4641017520635686,6.7992849481778626,48.96912727877227,29.48957711052549,18.369269152342916,54.10750393997741,180,cmapss_proxy_synthetic
CNC-03,62,366.0,2.475792893100311,6.652790073162234,49.35244859202609,28.245946123167325,19.46406673702605,54.735320163953816,179,cmapss_proxy_synthetic
CNC-03,63,372.0,2.452392269011285,6.715156630265382,51.23287268430356,28.15627887536691,17.43442198120413,58.35234264926528,178,cmapss_proxy_synthetic
CNC-03,64,378.0,2.4834645834390288,6.686623175104645,48.80131503762497,29.49164640454636,18.503656148623207,56.23556599238962,177,cmapss_proxy_synthetic
CNC-03,65,384.0,2.6394098873233016,6.901561879878854,51.878702011171626,29.43153999813867,19.399880869586198,55.12735241519311,176,cmapss_proxy_synthetic
CNC-03,66,390.0,2.5693626412442594,6.6662725607098015,52.089561674074226,27.83378010955172,18.24128333600155,59.707766684552446,175,cmapss_proxy_synthetic
CNC-03,67,396.0,2.486862127807709,6.793998770590004,51.150153173418964,28.130470271308113,18.59593877817679,58.03472740821696,174,cmapss_proxy_synthetic
CNC-03,68,402.0,2.5268804000690723,6.394550656380445,48.690286210830784,26.996409580950612,18.92899757544532,56.70854563622473,173,cmapss_proxy_synthetic
CNC-03,69,408.0,,7.2102204035755415,46.96970019468113,29.664294157949904,18.88142341653797,55.48909764141829,172,cmapss_proxy_synthetic
CNC-03,70,414.0,2.482867128437637,6.849371308364412,51.66638212145798,28.969538626855186,19.65189340415491,60.77521009463899,171,cmapss_proxy_synthetic
CNC-03,71,420.0,2.4845309205261508,6.996986092433487,,29.06649241876651,19.065598760664326,57.35020791436062,170,cmapss_proxy_synthetic
CNC-03,72,426.0,2.6134717707014743,7.205769932208535,48.96856325420065,27.782942961840828,19.549807803404022,59.666124950718704,169,cmapss_proxy_synthetic
CNC-03,73,432.0,2.5103757450932855,6.990944590816152,51.66656793625833,28.27028684016151,18.640108016544957,58.781906815403175,168,cmapss_proxy_synthetic
CNC-03,74,438.0,2.4607832067393045,7.222446825311856,48.65248751589674,28.76820767523769,18.428706005888063,56.37244207642472,167,cmapss_proxy_synthetic
CNC-03,75,444.0,2.534656930515734,6.704626205968954,49.18144193988824,28.57032181674143,18.693299465385,56.28873138152564,166,cmapss_proxy_synthetic
CNC-03,76,450.0,2.5436382371919026,7.417829609492569,50.4310544211607,29.18827076023934,18.168631447814327,59.40453316496709,165,cmapss_proxy_synthetic
CNC-03,77,456.0,2.389768438557367,7.16360376061953,47.93998401688586,29.52302094477386,19.028074586442756,59.29563863648872,164,cmapss_proxy_synthetic
CNC-03,78,462.0,2.5248897705133286,6.991507388699311,49.241300592635724,30.873102512597576,18.524506358841567,53.63296736911719,163,cmapss_proxy_synthetic
CNC-03,79,468.0,2.5857813909644896,7.225667223799279,50.81151180116288,28.87444180070268,18.32996065179575,57.469306695564505,162,cmapss_proxy_synthetic
CNC-03,80,474.0,2.5507735063643984,,49.38210501498629,29.74464059851606,18.91633540350342,56.18140074710102,161,cmapss_proxy_synthetic
CNC-03,81,480.0,2.6734617719554956,6.880260366273926,50.702140800494384,28.01979303960845,17.978881466247532,54.48480324547991,160,cmapss_proxy_synthetic
CNC-03,82,486.0,2.597365503145772,7.210296800121833,50.36089313324506,27.213190333098037,18.957748030944156,56.42152154341617,159,cmapss_proxy_synthetic
CNC-03,83,492.0,2.6058242393377284,6.55553878851401,48.559417089677204,28.2224502003391,18.225040735674426,53.55656171247657,158,cmapss_proxy_synthetic
CNC-03,84,498.0,2.697280888951607,7.018938210688891,45.00247575565888,27.07081262111317,19.048157740993215,54.803907263958806,157,cmapss_proxy_synthetic
CNC-03,85,504.0,2.544508241673042,7.0028245821348,46.595769787671045,28.31727448842525,18.14710075029419,54.04519740561712,156,cmapss_proxy_synthetic
CNC-03,86,510.0,2.4960960892088764,7.27211340962116,49.11180964736807,27.540241031535263,18.636194209484696,54.328673946999345,155,cmapss_proxy_synthetic
CNC-03,87,516.0,2.5492010210895297,6.568469942755691,45.610806797801,26.445236038780937,18.327398064006907,54.83013367401546,154,cmapss_proxy_synthetic
CNC-03,88,522.0,2.433979396621559,7.180335436798454,47.21147360093386,29.437521385216545,18.56814492580002,53.07375156831397,153,cmapss_proxy_synthetic
CNC-03,89,528.0,2.4776771939827658,6.747265859287732,48.01831390406309,27.422873765000784,18.1631881824651,57.155627203280865,152,cmapss_proxy_synthetic
CNC-03,90,534.0,2.4196001458704015,6.760010138098458,49.50828669066059,26.397987542026822,17.14516926278232,55.195697042864,151,cmapss_proxy_synthetic
CNC-03,91,540.0,2.491939275825132,6.600921120209656,46.43932999744902,28.43243822548974,18.530760354005285,57.17841268386743,150,cmapss_proxy_synthetic
CNC-03,92,546.0,2.414225453097997,6.620641499316544,46.23173292664211,26.976721230996578,17.88507632385178,53.804673160150514,149,cmapss_proxy_synthetic
CNC-03,93,552.0,2.410501683293942,6.906841054115717,46.99110286243843,28.422783659451422,18.309729468806548,,148,cmapss_proxy_synthetic
CNC-03,94,558.0,2.489527721667207,,47.49883053808117,26.817810655821535,18.212343826624107,56.728084346696406,147,cmapss_proxy_synthetic
CNC-03,95,564.0,2.4507104755504403,6.969848614613493,46.71806690192702,26.915793352215697,17.384153700558,52.78268581901627,146,cmapss_proxy_synthetic
CNC-03,96,570.0,2.3238449884776973,6.698686337949065,48.41851683820779,27.6063958147108,17.276359335028026,53.3744971295204,145,cmapss_proxy_synthetic
CNC-03,97,576.0,2.3610114999482588,6.596738435843395,45.74564141472304,27.772662207078977,18.099870083256736,54.81245477331547,144,cmapss_proxy_synthetic
CNC-03,98,582.0,2.38761848429575,6.73871921024901,47.08023123506307,27.88914507269629,17.565318112136907,51.562174767712996,143,cmapss_proxy_synthetic
CNC-03,99,588.0,2.412312246339164,6.9188857408128435,47.58132144835065,27.149621819908738,18.225676868918455,54.78303970163372,142,cmapss_proxy_synthetic
CNC-03,100,594.0,2.512661733453861,6.814103438147378,46.419158403474285,27.66290811870759,17.622839704660255,54.60216526154039,141,cmapss_proxy_synthetic
CNC-03,101,600.0,2.5068027147470557,6.893312236332495,48.28202157480784,27.851765668894682,18.279111743966457,55.789581479606376,140,cmapss_proxy_synthetic
CNC-03,102,606.0,2.5772286202964225,7.044440805152936,47.38632507358143,27.41327121039876,17.970918386065712,55.24442005733403,139,cmapss_proxy_synthetic
CNC-03,103,612.0,2.5654762802049587,7.14543651213392,48.42773426211723,27.157053181579116,17.922199881763927,56.026083972160215,138,cmapss_proxy_synthetic
CNC-03,104,618.0,2.600426070721114,6.903252919978442,47.71139137853051,26.10748194192577,17.597529598270103,53.82807906928293,137,cmapss_proxy_synthetic
CNC-03,105,624.0,2.5802174074449686,6.793125310853838,48.13302049968191,27.88171018764585,17.966111532921776,52.73891684823006,136,cmapss_proxy_synthetic
CNC-03,106,630.0,2.565813302527523,7.04824940529724,46.857222777585164,27.48248397193697,18.53392327837489,57.81750789753798,135,cmapss_proxy_synthetic
CNC-03,107,636.0,2.64525340909985,7.165419854981408,47.05271572659025,27.179479254793865,17.917457608437395,52.01089738047729,134,cmapss_proxy_synthetic
CNC-03,108,642.0,2.648693001711605,6.832508417803038,49.93198145877899,28.690608872012625,,52.38864825485381,133,cmapss_proxy_synthetic
CNC-03,109,648.0,2.626903816530371,6.990738325291471,49.304697053739666,26.517978306030276,18.107352731270137,55.903983126070145,132,cmapss_proxy_synthetic
CNC-03,110,654.0,2.709521778433815,7.07442184944334,47.14818803095168,29.207220300786982,18.227243419676807,57.896523225634546,131,cmapss_proxy_synthetic
CNC-03,111,660.0,2.4680465320631257,7.227417142929366,49.12237111655613,27.92419044509068,19.174029693747563,55.78429879376206,130,cmapss_proxy_synthetic
CNC-03,112,666.0,2.6356312809704887,7.175643285118955,45.691239662643596,28.333004955998305,18.98089205584735,57.38680201110906,129,cmapss_proxy_synthetic
CNC-03,113,672.0,2.6546910651577305,7.52062319485041,48.535276786121344,27.863413706047783,18.46784321450923,52.719054737654666,128,cmapss_proxy_synthetic
CNC-03,114,678.0,2.780322718740491,7.1308191215097185,51.000435764676226,26.928238059247917,18.637471430476435,55.46735431603408,127,cmapss_proxy_synthetic
CNC-03,115,684.0,2.8314440835406063,7.198955531212816,49.69147892241171,28.347756655363273,18.242274049123754,53.48184464047282,126,cmapss_proxy_synthetic
CNC-03,116,690.0,2.635110936688451,7.506917627043162,50.294750729128815,28.884510578554238,18.62961268884962,58.14404144881544,125,cmapss_proxy_synthetic
CNC-03,117,696.0,2.862488338914922,7.604368377354678,46.030615399960226,29.31020707954679,18.993123500398664,54.58366790443806,124,cmapss_proxy_synthetic
CNC-03,118,702.0,2.6979368297002977,7.4228481443138215,50.05249278202241,28.713950351296585,19.388885987962365,55.30368822426397,123,cmapss_proxy_synthetic
CNC-03,119,708.0,2.72144494746708,7.657075197268406,51.33945934405414,27.174678050363603,19.437293672169737,58.5285644686515,122,cmapss_proxy_synthetic
CNC-03,120,714.0,2.8079134100046166,7.766796594232938,51.747346796691524,27.8542755997487,18.53571921152658,59.69129588912188,121,cmapss_proxy_synthetic
CNC-03,121,720.0,2.8227868855207023,7.838358274882583,52.67630143391747,31.001369551949217,19.762351723006176,57.924186804700796,120,cmapss_proxy_synthetic
CNC-03,122,726.0,2.7540683180821435,8.014890052893918,51.18748887723425,28.48273891638083,19.284204606229846,59.36075477133002,119,cmapss_proxy_synthetic
CNC-03,123,732.0,2.9332249755549937,,51.43657704514821,30.715301318531885,18.89310838983661,59.52521424566452,118,cmapss_proxy_synthetic
CNC-03,124,738.0,2.9550231388790107,8.413375088972616,49.925566569882996,28.840373169554432,20.23757989042407,58.483020356644396,117,cmapss_proxy_synthetic
CNC-03,125,744.0,3.001121877937606,8.289620238506034,51.700751312946004,29.5715778088699,20.39123946801998,57.21405676760733,116,cmapss_proxy_synthetic
CNC-03,126,750.0,2.912548274303254,8.105475308908156,50.311922277773895,30.34045373799805,19.82335938016606,60.1142159916297,115,cmapss_proxy_synthetic
CNC-03,127,756.0,2.958794325347527,8.348763167167858,49.58221514539596,29.206662507698894,20.137791908804896,60.33453780581072,114,cmapss_proxy_synthetic
CNC-03,128,762.0,2.9766723457576956,8.420850514176758,50.77585249483066,31.302767072212642,20.237396017434733,60.91704821587082,113,cmapss_proxy_synthetic
CNC-03,129,768.0,3.1169310886732298,8.69859590381882,54.58699172749401,30.08748182004943,20.638103488162805,60.05348126406059,112,cmapss_proxy_synthetic
CNC-03,130,774.0,2.8071691072425695,8.40832036025194,52.08150540703109,30.458111418426398,20.332181486118223,57.68465398070218,111,cmapss_proxy_synthetic
CNC-03,131,780.0,2.9574863008554955,8.737225588079415,52.825293999349,29.881710478546943,19.269762125506944,60.803316881441035,110,cmapss_proxy_synthetic
CNC-03,132,786.0,3.041266041644681,8.656434073647342,51.78822906312921,30.683656010749587,21.112663802223793,59.69131772796533,109,cmapss_proxy_synthetic
CNC-03,133,792.0,2.9765447173109103,8.998263879541218,,31.468761205116923,20.636441608293328,58.90474467104862,108,cmapss_proxy_synthetic
CNC-03,134,798.0,3.049343242699295,9.016737781517163,53.86111188718835,30.033175909228753,19.812517401487927,59.20192077828594,107,cmapss_proxy_synthetic
CNC-03,135,804.0,3.071550255588994,8.859543446045427,49.35370728116704,31.586288429350766,19.55156679947088,58.516167778300066,106,cmapss_proxy_synthetic
CNC-03,136,810.0,3.045470020425746,8.824693936383074,51.63697081933357,29.598941716235142,20.393559019885025,61.070229839464275,105,cmapss_proxy_synthetic
CNC-03,137,816.0,3.109242622512233,9.028027860562855,52.29859913316537,30.72396496951018,19.977930203006892,57.19535166221643,104,cmapss_proxy_synthetic
CNC-03,138,822.0,3.161267296597801,8.946282851834981,52.63939553521871,30.453240619187326,20.307877206216318,57.812393516129205,103,cmapss_proxy_synthetic
CNC-03,139,828.0,3.1102201777014047,9.360356580707666,51.18234065245692,29.0966926767337,20.527363974980062,58.81230795268703,102,cmapss_proxy_synthetic
CNC-03,140,834.0,3.105639578583679,9.09841180499766,49.49545217307577,30.118415007063195,19.811612039059245,61.90944466743682,101,cmapss_proxy_synthetic
CNC-03,141,840.0,3.1373229167225656,9.05382812365919,50.896972868647886,29.883141713241898,19.502309874357195,,100,cmapss_proxy_synthetic
CNC-03,142,846.0,3.1597692100193076,9.092767301328799,50.877695998984265,29.09314798509676,20.297504404369132,56.2989252859041,99,cmapss_proxy_synthetic
CNC-03,143,852.0,3.046218827785421,8.99522101440807,50.74716038745506,30.03933876686224,19.78265830030505,61.10845036781597,98,cmapss_proxy_synthetic
CNC-03,144,858.0,3.2162568949012007,9.389849083799557,53.16320574483404,29.787430423716152,20.12925106199291,60.976129562671105,97,cmapss_proxy_synthetic
CNC-03,145,864.0,3.162459321177792,9.171456088180213,49.9282998149084,29.527919657447082,19.303588616741884,56.68434657586312,96,cmapss_proxy_synthetic
CNC-03,146,870.0,3.2981894414197117,9.596323477301135,52.024770760871995,29.455346902374302,19.871217113290175,54.33652859384261,95,cmapss_proxy_synthetic
CNC-03,147,876.0,3.2629806744158607,9.181992644664671,51.74289429314873,29.362427967291314,20.372512098516733,58.25941296331801,94,cmapss_proxy_synthetic
CNC-03,148,882.0,3.3184893865040834,9.51228346780924,52.83184432824515,29.056588749873775,20.29416689935787,60.12091780936473,93,cmapss_proxy_synthetic
CNC-03,149,888.0,3.176138432877942,9.766871820233897,51.20323462654255,29.4139661147742,19.52410613071574,60.79598799186362,92,cmapss_proxy_synthetic
CNC-03,150,894.0,3.237851539168659,9.180070805623131,52.494589058434954,,19.30497851243509,56.64853461967525,91,cmapss_proxy_synthetic
CNC-03,151,900.0,3.1918725413299267,10.052895019419758,51.08385693496592,31.406222541384558,19.934354201375296,60.90689732298374,90,cmapss_proxy_synthetic
CNC-03,152,906.0,3.2484680152433105,9.63868239649294,51.95161723646421,27.939993198281634,20.223560930711717,54.288598553563524,89,cmapss_proxy_synthetic
CNC-03,153,912.0,3.408568833416001,9.81441335299749,49.17533850226885,28.590353533979865,20.139663011757186,57.325695716085576,88,cmapss_proxy_synthetic
CNC-03,154,918.0,3.446036145675403,,47.574493269810695,28.623786032454962,19.650766795172903,57.2343333911294,87,cmapss_proxy_synthetic
CNC-03,155,924.0,3.278206713731437,10.069223842370155,51.97299591516917,30.739998010870103,20.10146331738219,59.836810769722824,86,cmapss_proxy_synthetic
CNC-03,156,930.0,3.351289673696383,10.057001252669394,52.12852759971455,27.905555940508123,20.772634602450676,60.114635208498854,85,cmapss_proxy_synthetic
CNC-03,157,936.0,3.4037423309797865,10.278096858538012,52.29390941516679,29.37254360645801,20.100796119755902,59.60918990832778,84,cmapss_proxy_synthetic
CNC-03,158,942.0,3.477904783910761,10.26909226299826,50.978570905875635,29.236117571372525,,55.89469525179928,83,cmapss_proxy_synthetic
CNC-03,159,948.0,3.337146911416947,10.599945248588098,54.02891389091606,29.33324580473362,20.182522947207385,59.66143738251962,82,cmapss_proxy_synthetic
CNC-03,160,954.0,,10.45171244322624,51.39467530095122,30.130284190953788,21.231290946025407,59.219948037507166,81,cmapss_proxy_synthetic
CNC-03,161,960.0,3.5601878253732333,10.830955416565502,52.859855447962744,30.165164409199157,19.49632265499658,55.791304886351526,80,cmapss_proxy_synthetic
CNC-03,162,966.0,3.417573944643929,10.726354774080232,53.33018985230332,28.83060845069737,20.28083134994986,55.33371427835087,79,cmapss_proxy_synthetic
CNC-03,163,972.0,3.560305869373644,10.30617714346469,55.191561317679785,29.4512841863232,20.22515115082724,60.67851573549071,78,cmapss_proxy_synthetic
CNC-03,164,978.0,3.6402887359088045,11.280008173997725,52.52433965363496,27.814498781846726,20.490998671392777,58.91552673007599,77,cmapss_proxy_synthetic
CNC-03,165,984.0,3.696222049383647,10.776279548858769,52.325057292227925,29.568406859422808,20.645069667585517,57.36326910032793,76,cmapss_proxy_synthetic
CNC-03,166,990.0,3.695250011805791,11.302196782767622,51.41231183003443,28.935353760230555,21.265571947992797,59.43446038267652,75,cmapss_proxy_synthetic
CNC-03,167,996.0,3.719703287059733,11.142871192745082,56.12673785217622,29.57459069120422,20.814123491698435,60.694232886703205,74,cmapss_proxy_synthetic
CNC-03,168,1002.0,3.8487871940589438,11.476338103416063,54.83589829342064,28.45527968016225,21.584553709398175,60.29227349870888,73,cmapss_proxy_synthetic
CNC-03,169,1008.0,3.8517331888542947,11.271527628673596,55.23346473005038,30.36109136960386,20.96545823769872,58.22151378751666,72,cmapss_proxy_synthetic
CNC-03,170,1014.0,3.82902985214376,11.66858472850311,59.43343496199453,28.755127982347293,20.981200853388327,64.26261655214928,71,cmapss_proxy_synthetic
CNC-03,171,1020.0,3.923854459257331,11.64223069385377,55.788083181427176,30.47227710029096,20.95671797244357,63.191208790971224,70,cmapss_proxy_synthetic
CNC-03,172,1026.0,3.995261740075456,12.148605750588903,53.82752893894017,29.492058141525305,20.49051238792326,61.37500620177642,69,cmapss_proxy_synthetic
CNC-03,173,1032.0,4.138834729105301,12.079180808906397,55.809685170924546,29.989203321008684,,61.84452313454369,68,cmapss_proxy_synthetic
CNC-03,174,1038.0,4.1199962393384775,12.33269943875364,55.08089152248934,31.858218996885572,22.902939706063407,63.33408186700492,67,cmapss_proxy_synthetic
CNC-03,175,1044.0,4.199796200700838,11.88810756550462,56.30900654007887,31.570950787987503,22.20808037197197,61.29048949093316,66,cmapss_proxy_synthetic
CNC-03,176,1050.0,4.117955712958334,,56.693321957542146,32.23352459905434,22.50116041433554,64.1016388784926,65,cmapss_proxy_synthetic
CNC-03,177,1056.0,4.174250903028719,12.719023306356295,56.81911602425159,32.77041191240406,22.078980277599012,61.78729462111469,64,cmapss_proxy_synthetic
CNC-03,178,1062.0,4.245517812032528,12.850981140279327,,31.00277459217636,22.342976846133578,64.27687360313024,63,cmapss_proxy_synthetic
CNC-03,179,1068.0,4.302903959419502,13.165499271400158,60.72439438878718,33.101219939203915,23.179910006868106,62.8694596720818,62,cmapss_proxy_synthetic
CNC-03,180,1074.0,,13.07943334579747,59.23308237980234,30.798358136498237,23.90577391929388,63.348933133201506,61,cmapss_proxy_synthetic
CNC-03,181,1080.0,4.5064822470246115,13.334754540356391,58.83937689951294,32.83939448684046,23.796261298604712,68.2950575578684,60,cmapss_proxy_synthetic
CNC-03,182,1086.0,4.530085597637478,13.7315217429905,60.60456329615071,31.97641475984587,23.59736323797619,66.05086035070781,59,cmapss_proxy_synthetic
CNC-03,183,1092.0,4.495592558348368,13.234015791499429,60.52819977106737,31.781319910127962,23.348643682798837,66.6547377028016,58,cmapss_proxy_synthetic
CNC-03,184,1098.0,,13.97146269708164,60.56872921146184,33.243713626846386,23.60675762231996,63.3373491131082,57,cmapss_proxy_synthetic
CNC-03,185,1104.0,4.635537391003198,13.970395272348485,61.46456120380809,33.678060838211785,23.24658049350963,65.99749662777675,56,cmapss_proxy_synthetic
CNC-03,186,1110.0,4.721985209498044,14.0371511584417,60.96121351018961,33.801052014706734,23.027011924765496,68.05160199441534,55,cmapss_proxy_synthetic
CNC-03,187,1116.0,4.6238030384080036,14.460641726303963,62.0068217439104,33.35115597074298,23.35121586040001,67.89966451952576,54,cmapss_proxy_synthetic
CNC-03,188,1122.0,4.760283747249288,14.814592869401576,62.38235794212701,33.409947127436475,24.13196817921181,64.29392294035132,53,cmapss_proxy_synthetic
CNC-03,189,1128.0,4.816500848067283,14.958235538191394,61.771061484305605,33.85966924917388,24.08720083684746,68.43814776296192,52,cmapss_proxy_synthetic
CNC-03,190,1134.0,4.915219316996168,14.909661306034616,61.44105900988422,33.77954855065126,23.585359095229336,68.92889308918707,51,cmapss_proxy_synthetic
CNC-03,191,1140.0,4.874447087070195,15.287161527738812,64.16703792641455,34.07555084845725,24.486718769260243,70.6494878918459,50,cmapss_proxy_synthetic
CNC-03,192,1146.0,4.788839723918503,15.465992192176682,61.463659829126705,33.877725655323,24.456913018657385,67.63724121855867,49,cmapss_proxy_synthetic
CNC-03,193,1152.0,4.939889293364819,15.459948550744286,62.88843948542418,34.489113494548,24.111524546820633,65.18657157303221,48,cmapss_proxy_synthetic
CNC-03,194,1158.0,5.062155402780665,15.52207102746965,63.07964078794801,32.47864566952804,,67.39034164187633,47,cmapss_proxy_synthetic
CNC-03,195,1164.0,5.119828289522911,15.713616230971354,61.75129237536362,33.789465975404596,24.786115227836316,67.3564442707609,46,cmapss_proxy_synthetic
CNC-03,196,1170.0,5.285101530814113,16.181254810372693,61.59942824165357,32.781973191851904,24.72550763375612,70.4976989416309,45,cmapss_proxy_synthetic
CNC-03,197,1176.0,5.254514127853114,16.190285610248676,62.37656879174636,34.21258135364758,25.652940880834382,64.90058203312267,44,cmapss_proxy_synthetic
CNC-03,198,1182.0,5.2672383298874,16.175526504897512,62.29228570436693,35.38696111038408,24.214453152222834,68.73182258941303,43,cmapss_proxy_synthetic
CNC-03,199,1188.0,5.308068280196801,16.23258966567148,61.00976498579217,33.62980699170479,24.25512465906548,71.90192113755394,42,cmapss_proxy_synthetic
CNC-03,200,1194.0,5.4392551670254,16.90573690150339,62.27516220579357,,25.411210727330715,69.63049374422656,41,cmapss_proxy_synthetic
CNC-03,201,1200.0,5.367047572150064,16.820318492792552,63.69807870501001,34.686175008947814,25.54051997264984,71.16052902595074,40,cmapss_proxy_synthetic
CNC-03,202,1206.0,,17.176050357507357,65.23882847588334,32.31841664872523,25.783961789479093,67.03183720249503,39,cmapss_proxy_synthetic
CNC-03,203,1212.0,5.432407866765146,17.53960136855536,64.31733657634973,33.61837183841639,25.35036539250397,67.15540017204388,38,cmapss_proxy_synthetic
CNC-03,204,1218.0,5.664747568276385,17.230694110768706,59.883087615966865,34.36308892672151,25.220899350266848,72.2292482642122,37,cmapss_proxy_synthetic
CNC-03,205,1224.0,5.643492826517373,17.66735781523938,64.66383293821974,31.622966573893212,25.788057059616204,70.08774624164182,36,cmapss_proxy_synthetic
CNC-03,206,1230.0,5.61795300875259,17.835567551938123,63.0593413933401,33.23637288977335,25.630089863321825,70.16050960348524,35,cmapss_proxy_synthetic
CNC-03,207,1236.0,5.715450541013876,18.13839116776436,64.64923224711933,34.984283539234,26.784614293391215,68.2235174678591,34,cmapss_proxy_synthetic
CNC-03,208,1242.0,5.816435100529538,,64.1232888765085,34.9082842103506,25.853263968295895,70.32464171435568,33,cmapss_proxy_synthetic
CNC-03,209,1248.0,5.819103930074621,18.20579003815805,64.02819456659621,34.39122395101059,26.084606762497298,68.37140140783586,32,cmapss_proxy_synthetic
CNC-03,210,1254.0,5.8575654491980504,18.78201296733112,64.33757087448804,34.83495742491811,27.53953835494415,72.34068577149891,31,cmapss_proxy_synthetic
CNC-03,211,1260.0,5.909411570071857,19.082038741641302,64.65052408148209,34.299010428893645,26.192446046831073,75.02193634424903,30,cmapss_proxy_synthetic
CNC-03,212,1266.0,6.043074238963368,19.058976229884244,66.8373222179853,34.61771398389789,26.698842990438912,71.47875613929965,29,cmapss_proxy_synthetic
CNC-03,213,1272.0,6.0568064011710465,19.28769217730282,65.11363930198407,33.928418633648405,26.855263008943883,69.81428169322369,28,cmapss_proxy_synthetic
CNC-03,214,1278.0,6.115682055049929,19.62030607907844,66.96897959912197,34.34375538668584,27.016475361232228,66.88723307553754,27,cmapss_proxy_synthetic
CNC-03,215,1284.0,6.119843505034988,19.835477216565955,67.04749443043147,33.77960393238696,26.901261524711106,68.51983557898517,26,cmapss_proxy_synthetic
CNC-03,216,1290.0,6.291300524815886,20.116897211416827,66.96802795457523,35.44865329341943,26.981758864949384,74.12300086846916,25,cmapss_proxy_synthetic
CNC-03,217,1296.0,6.344367389859567,20.353693214765272,63.77407673641926,35.75485804163201,27.07263809092773,70.14543127837516,24,cmapss_proxy_synthetic
CNC-03,218,1302.0,6.408036973364196,20.299677161921764,68.32037194616872,35.73874194937759,26.85844509670087,71.54642286775942,23,cmapss_proxy_synthetic
CNC-03,219,1308.0,6.521391533709197,20.9373772643539,,,27.50628381155774,73.58335502606145,22,cmapss_proxy_synthetic
CNC-03,220,1314.0,6.638942337514235,21.231260687054228,68.5536505952931,,28.597255399819414,75.32089030495071,21,cmapss_proxy_synthetic
CNC-03,221,1320.0,6.71573261207192,21.305960221149252,66.56718783601788,36.0451948075463,28.337277236450856,72.94806269179861,20,cmapss_proxy_synthetic
CNC-03,222,1326.0,6.787271894108815,21.250816971537166,66.73137771576451,35.58904495400611,28.039877707250536,73.04085235508433,19,cmapss_proxy_synthetic
CNC-03,223,1332.0,6.814507317119677,21.798934617534673,71.77901309476911,35.58205811267396,28.540697151416456,74.28621703115867,18,cmapss_proxy_synthetic
CNC-03,224,1338.0,6.877448037297658,22.14501243281424,68.07401436530644,34.9616951749315,27.82243125600234,,17,cmapss_proxy_synthetic
CNC-03,225,1344.0,6.931583416919848,22.1763593700807,71.64429250787389,36.05304101511061,28.374626626988697,74.2215649685584,16,cmapss_proxy_synthetic
CNC-03,226,1350.0,7.054499273766069,22.628410754275237,70.7276800618776,34.9985216594494,29.260684277688714,76.38639555708832,15,cmapss_proxy_synthetic
CNC-03,227,1356.0,7.191011473442163,22.729457892533976,70.53534463514914,36.669948011413574,29.79514740648732,76.57448084407922,14,cmapss_proxy_synthetic
CNC-03,228,1362.0,7.227235490899124,23.434828661743765,71.67715624180207,37.53454857392736,28.828317960794596,80.36964400863825,13,cmapss_proxy_synthetic
CNC-04,1,0.0,2.4893988511787826,6.595147185176395,47.704990400967006,28.398673337122332,18.719668293729914,56.07176433674881,270,cmapss_proxy_synthetic
CNC-04,2,6.0,2.442264604749366,6.8620632991299555,50.862771517768195,28.347870464283254,18.258883096057403,55.17276035511681,269,cmapss_proxy_synthetic
CNC-04,3,12.0,2.550874199787029,6.747873328470861,46.7183741256549,30.17884937734629,17.368756179275167,,268,cmapss_proxy_synthetic
CNC-04,4,18.0,2.4640984936188803,6.396838355283249,48.64057848769896,29.27769561725382,18.5277470351809,55.21125804839064,267,cmapss_proxy_synthetic
CNC-04,5,24.0,2.4126340072708006,6.598936465460257,48.04709643474333,27.982421735729805,18.093467409532117,57.57642881122809,266,cmapss_proxy_synthetic
CNC-04,6,30.0,2.364861920532407,6.447592964949113,47.79552402351988,28.623194382737545,17.97765106133383,57.50236223715458,265,cmapss_proxy_synthetic
CNC-04,7,36.0,2.4775218663448157,6.418101468548943,48.633761689927255,30.365120543900694,17.88214334204585,56.61447049582045,264,cmapss_proxy_synthetic
CNC-04,8,42.0,2.401285582704894,6.777580576223939,52.00733382124753,29.687746537026985,19.08647067213808,57.9512357066105,263,cmapss_proxy_synthetic
CNC-04,9,48.0,2.3974201059653177,6.867739858150612,49.7744442578646,28.336567789283766,17.526513374010023,54.635868473824424,262,cmapss_proxy_synthetic
CNC-04,10,54.0,2.5337214853562307,6.846002577065707,48.524546441141304,28.894091420478325,18.17186921187965,57.41446386143176,261,cmapss_proxy_synthetic
CNC-04,11,60.0,2.3680485731372434,,47.113496903398136,28.921737685171905,18.719824847598346,56.41817221161003,260,cmapss_proxy_synthetic
CNC-04,12,66.0,2.597182283322261,6.754213415136003,47.33486430051906,28.658369705829855,19.53239123216618,61.92162135336638,259,cmapss_proxy_synthetic
CNC-04,13,72.0,2.5056403296739056,6.698110594637804,49.09223356808196,27.65506767818581,18.99835930233244,57.45399632373945,258,cmapss_proxy_synthetic
CNC-04,14,78.0,2.488806175105589,6.534889428353048,48.98711245379918,28.494305505330374,18.255540017770517,56.19170570936319,257,cmapss_proxy_synthetic
CNC-04,15,84.0,2.4144875400861565,6.648936416988483,49.59534227217883,30.19303489951829,19.54516641749534,54.86148072475251,256,cmapss_proxy_synthetic
CNC-04,16,90.0,2.5402861466926314,6.465686557659941,46.64769783349795,28.659612075040037,17.988218295540122,59.23093806112944,255,cmapss_proxy_synthetic
CNC-04,17,96.0,2.4805694987944413,6.545226994167512,49.772594917111036,28.838179031851965,18.857680075479504,56.422733806065395,254,cmapss_proxy_synthetic
CNC-04,18,102.0,2.4262140145527895,6.712267769818421,51.3529656215091,28.980045959095005,18.966012014282125,55.60043310067106,253,cmapss_proxy_synthetic
CNC-04,19,108.0,2.4841881758643103,,52.162071580726675,30.65484062716576,18.208918076516017,57.35036797455184,252,cmapss_proxy_synthetic
CNC-04,20,114.0,2.342233829860734,7.25752025843731,47.03347548352059,28.721776207677507,19.037595096064127,,251,cmapss_proxy_synthetic
CNC-04,21,120.0,2.3387077336985027,6.377863345309081,48.528486480167246,29.549754365050752,18.353842536052273,57.574447133212885,250,cmapss_proxy_synthetic
CNC-04,22,126.0,2.368380483477635,6.595133084855946,48.35882379220365,28.03941866417813,18.97170456160209,56.40699902085911,249,cmapss_proxy_synthetic
CNC-04,23,132.0,2.46637477417173,6.320159915961882,49.69142821879441,28.230354752000363,17.562776692010836,56.47116576448605,248,cmapss_proxy_synthetic
CNC-04,24,138.0,2.432811821952034,6.49965310072383,47.60497281405494,28.361285607360532,18.692077493680785,56.415016608302665,247,cmapss_proxy_synthetic
CNC-04,25,144.0,2.5001466613015726,6.484499308261266,51.65200625820829,27.599946623409156,18.239284088262497,56.401973604968234,246,cmapss_proxy_synthetic
CNC-04,26,150.0,2.349766646290471,6.69348236834712,49.149730309453346,27.976439430516276,19.02932853486391,56.35548266802601,245,cmapss_proxy_synthetic
CNC-04,27,156.0,2.448657505840338,6.417444666743751,48.757902611045694,28.789636554225787,18.327912575666428,57.262200658974656,244,cmapss_proxy_synthetic
CNC-04,28,162.0,2.3903268485179447,,51.06891902769843,27.267157587826663,18.966428934358863,55.34753949904542,243,cmapss_proxy_synthetic
CNC-04,29,168.0,,6.374428710139189,48.585892143521676,27.83592177731523,18.503676635074033,53.70277570910192,242,cmapss_proxy_synthetic
CNC-04,30,174.0,2.4089787568221124,6.162376920848399,49.01390586891164,28.32906913389047,18.09652061868443,54.60820445874108,241,cmapss_proxy_synthetic
CNC-04,31,180.0,2.3681080188088948,6.286368474573522,47.18117945361856,26.941467158220995,18.525182664011584,55.887344381036996,240,cmapss_proxy_synthetic
CNC-04,32,186.0,2.319470404780703,6.3179069940476955,46.111603312106844,28.457728056590263,18.46233561720106,51.496475414053805,239,cmapss_proxy_synthetic
CNC-04,33,192.0,2.3600532764107176,6.3867442170721604,47.02850485162061,27.5064888259209,18.221902371211318,51.31172295928978,238,cmapss_proxy_synthetic
CNC-04,34,198.0,2.3403932760246096,6.4626023760957745,50.88004233335099,27.21918710429112,16.663168716148313,55.577627832788444,237,cmapss_proxy_synthetic
CNC-04,35,204.0,2.3318398522894332,6.290595008262193,48.468353122471996,25.589376493182975,17.305369288286272,56.39162916677996,236,cmapss_proxy_synthetic
CNC-04,36,210.0,2.306944398353678,6.271541065262741,47.78231367206032,26.88714484078693,18.519887941687085,51.6268299402331,235,cmapss_proxy_synthetic
CNC-04,37,216.0,2.2370596655429273,5.971324283190971,45.816866432002094,27.444968852618608,17.032922395606857,53.722677300493686,234,cmapss_proxy_synthetic
CNC-04,38,222.0,2.331437308548414,6.400229983860327,48.3780431239701,28.538470143678055,18.129015268243272,52.75310320477451,233,cmapss_proxy_synthetic
CNC-04,39,228.0,2.2640190417486807,6.149434402825635,44.96229515008129,27.497190779166246,17.97853888634469,52.8516259623663,232,cmapss_proxy_synthetic
CNC-04,40,234.0,2.244875776458851,6.423135561926246,44.522200770369395,27.92266955877163,17.15342856939118,53.67113838928266,231,cmapss_proxy_synthetic
CNC-04,41,240.0,2.2983350480124543,6.528711374372275,45.846449336912876,25.926575293147714,16.420367787887475,50.9351975638769,230,cmapss_proxy_synthetic
CNC-04,42,246.0,2.3666719745686935,6.232237454710087,49.350438465033236,26.810670631910764,17.147645489164812,51.16023991852597,229,cmapss_proxy_synthetic
CNC-04,43,252.0,2.3261962393554527,6.068576919394766,49.166942819776864,27.92724072314709,18.539049632792906,52.42683406633558,228,cmapss_proxy_synthetic
CNC-04,44,258.0,2.2744688445630112,6.266505303916066,45.69640104298651,26.15051072266459,16.918160404506857,52.63939736787087,227,cmapss_proxy_synthetic
CNC-04,45,264.0,2.2723306141124042,6.341805595581622,45.30254886139113,27.71123068723328,16.928487082008544,50.995852497896166,226,cmapss_proxy_synthetic
CNC-04,46,270.0,2.3608810972187344,6.218729091564035,43.85416704869594,27.530488437094448,16.797648210384466,54.15031057744347,225,cmapss_proxy_synthetic
CNC-04,47,276.0,2.1450450009389495,6.179086151202128,46.28776401308297,27.169040470185845,17.97738668330533,52.17152486627284,224,cmapss_proxy_synthetic
CNC-04,48,282.0,2.3783867553096316,6.410104368982879,46.38442719923895,26.695455450865847,17.181543264256614,52.196930619595086,223,cmapss_proxy_synthetic
CNC-04,49,288.0,2.19025246593092,6.41064267276282,47.2806929377039,26.185618808217562,16.972394456767258,53.41082547452992,222,cmapss_proxy_synthetic
CNC-04,50,294.0,,6.261660467714303,47.46473913683444,28.556860729516835,18.077719917717147,52.80192273506629,221,cmapss_proxy_synthetic
CNC-04,51,300.0,2.298964619489993,6.024286692175733,45.89557171326606,27.656205819291404,17.637812871664313,54.484748835621765,220,cmapss_proxy_synthetic
CNC-04,52,306.0,2.4987714499718385,6.455417971475979,47.02384860774732,27.479418327627005,16.845226769706553,51.66844120999583,219,cmapss_proxy_synthetic
CNC-04,53,312.0,2.4705181986818667,6.238207977714932,45.274003617138234,,16.703860291186746,51.02509074177072,218,cmapss_proxy_synthetic
CNC-04,54,318.0,2.4084715337060185,6.45271548917603,47.132000487193466,27.38236091078858,18.018980598760034,52.95731980757293,217,cmapss_proxy_synthetic
CNC-04,55,324.0,2.391717886420358,6.464985321811824,45.71935888663421,27.57697044286487,17.43740384125537,53.71990365149089,216,cmapss_proxy_synthetic
CNC-04,56,330.0,2.2409258398557923,6.093091489819848,,27.867876074560847,16.632135005101446,51.73839608497676,215,cmapss_proxy_synthetic
CNC-04,57,336.0,2.3957143344406178,,47.22011615876558,28.24672132312795,16.55123916668834,51.67268320248145,214,cmapss_proxy_synthetic
CNC-04,58,342.0,2.3546878341095048,6.616892824161595,46.90650292708558,27.074187382044688,16.961788201392356,54.450324270185966,213,cmapss_proxy_synthetic
CNC-04,59,348.0,2.345549928368316,6.669611945548721,48.095636946220786,26.603942375847666,16.949884116009088,53.094907282730894,212,cmapss_proxy_synthetic
CNC-04,60,354.0,2.4258546246740353,6.597625315155906,44.844736514680235,28.01304819227021,16.573066634278348,52.15132899978854,211,cmapss_proxy_synthetic
CNC-04,61,360.0,2.391312428188458,6.218918086459042,45.7365063601557,26.58200602702538,17.14646565049091,56.348831771369774,210,cmapss_proxy_synthetic
CNC-04,62,366.0,2.4984339958326487,6.88338311422816,47.05288529537289,27.885349253847505,17.309149857122225,53.925177661339795,209,cmapss_proxy_synthetic
CNC-04,63,372.0,2.3070797944387835,6.744331948328227,45.541750291334154,27.836292138284772,17.623331248116845,57.07825254349427,208,cmapss_proxy_synthetic
CNC-04,64,378.0,2.462429505752214,6.459110048037584,47.21746414619098,28.78219785835072,18.856997238606926,55.441485532779346,207,cmapss_proxy_synthetic
CNC-04,65,384.0,2.404155060250005,,47.450689684487685,30.13707454282525,17.869731793181224,56.09254626896149,206,cmapss_proxy_synthetic
CNC-04,66,390.0,2.448165939297284,6.796442256967533,50.06487927839509,26.937385115522492,17.995116279933292,55.465382731772955,205,cmapss_proxy_synthetic
CNC-04,67,396.0,2.509520318401702,6.911556531700753,48.573375919920416,30.57605911509217,18.432580604839544,51.636251998430964,204,cmapss_proxy_synthetic
CNC-04,68,402.0,,6.71048618562631,50.03856033193057,28.559825230375736,18.10102164436208,54.337554045142205,203,cmapss_proxy_synthetic
CNC-04,69,408.0,2.518154951747338,6.992088465556108,49.17596880716298,29.13184776171761,18.51588457846307,56.19326699389598,202,cmapss_proxy_synthetic
CNC-04,70,414.0,2.4997345831692246,6.505674399562349,48.15137934751532,27.72882996461717,18.520433746349426,57.179842303537924,201,cmapss_proxy_synthetic
CNC-04,71,420.0,2.4756266605343304,6.674681299570771,49.29080955935469,29.825144840320025,18.502118767836922,53.79089781912005,200,cmapss_proxy_synthetic
CNC-04,72,426.0,2.496897873374395,6.496528999306873,50.317062248549014,29.08540291018421,19.994219593305573,56.808364333774364,199,cmapss_proxy_synthetic
CNC-04,73,432.0,2.5266224173297025,6.743522150607652,51.14517631695539,29.053530883954334,19.0536233870281,55.18391825268835,198,cmapss_proxy_synthetic
CNC-04,74,438.0,2.48878072478623,7.230256401348542,49.38642384664872,27.523729487144582,18.035175507167523,57.54642354138404,197,cmapss_proxy_synthetic
CNC-04,75,444.0,2.5502036591341026,7.353277184967775,47.343900225342516,29.25010811596026,18.872872849261313,57.2347707184701,196,cmapss_proxy_synthetic
CNC-04,76,450.0,2.5345813020967465,7.0116834833985315,47.37004937344753,29.926340965329782,18.294612314076097,58.58405767537989,195,cmapss_proxy_synthetic
CNC-04,77,456.0,2.5147872684448545,6.853453740922286,49.48804268691176,29.035644594451107,19.007505809293555,59.19038492305043,194,cmapss_proxy_synthetic
CNC-04,78,462.0,2.6767206250409354,6.944801206481545,46.69205070567797,30.229157190572145,18.063169345046262,58.24214715807834,193,cmapss_proxy_synthetic
CNC-04,79,468.0,2.5948620425326663,7.088468037724802,52.7295527414149,30.193585903569225,18.241393670505076,58.9406426889179,192,cmapss_proxy_synthetic
CNC-04,80,474.0,2.5393876287101738,6.697631048746765,51.074974143471,28.69303192457984,19.05348577813751,56.96041885181874,191,cmapss_proxy_synthetic
CNC-04,81,480.0,2.5787005959604294,6.895167493267891,49.35516229683541,30.551665115300747,19.428879795279112,62.19541523660525,190,cmapss_proxy_synthetic
CNC-04,82,486.0,2.494820361422774,7.289214901031208,48.71177831436556,29.220882979724138,19.177988314266873,55.50645750118741,189,cmapss_proxy_synthetic
CNC-04,83,492.0,2.5371801367650226,6.806401786845148,51.81314101141794,29.18684575910232,19.378196191899935,56.608718541863254,188,cmapss_proxy_synthetic
CNC-04,84,498.0,2.5448152292497075,6.863561707400411,48.7357820270356,29.181976663143104,19.123223996671957,58.91101539189965,187,cmapss_proxy_synthetic
CNC-04,85,504.0,2.47672146621896,7.010022898260162,48.86384124670677,29.102843335984307,19.012916601599446,58.59291542254072,186,cmapss_proxy_synthetic
CNC-04,86,510.0,2.592452755710893,7.059150376809326,49.2019442933422,26.77364103178466,18.64029406386598,58.06595761763534,185,cmapss_proxy_synthetic
CNC-04,87,516.0,2.525726550238955,6.877360033096976,50.42855673089824,28.75861501347359,19.338091223343223,58.27151334910246,184,cmapss_proxy_synthetic
CNC-04,88,522.0,2.533656587084102,7.008518329225705,51.10266447056604,27.69402978068414,19.433750477813472,53.60055263078226,183,cmapss_proxy_synthetic
CNC-04,89,528.0,2.5150362842617993,7.105487224343559,51.85636075663945,30.12570885296309,18.822194558351654,59.52887228525358,182,cmapss_proxy_synthetic
CNC-04,90,534.0,2.7654536507005196,7.36219412002124,51.560419121723854,,18.764115030977177,56.42646950123842,181,cmapss_proxy_synthetic
CNC-04,91,540.0,2.5008574563784807,6.947406948359062,49.96099586289417,29.301635274252497,19.652955827001275,58.66466468830742,180,cmapss_proxy_synthetic
CNC-04,92,546.0,2.3956129864748426,6.9560328248359715,51.32216524842809,28.293934383010175,18.744663866943284,53.09089157462209,179,cmapss_proxy_synthetic
CNC-04,93,552.0,2.42525633472839,7.253959797078322,48.76875938215866,27.553601206243012,18.75483973494516,56.6996545992691,178,cmapss_proxy_synthetic
CNC-04,94,558.0,2.59099499742963,6.841215772049951,46.98622883063242,27.752797303904682,18.93037728194907,55.171160190162304,177,cmapss_proxy_synthetic
CNC-04,95,564.0,2.628483268932276,6.682645027290325,48.507339643524645,29.84147214670982,18.56815134526219,56.865810182686,176,cmapss_proxy_synthetic
CNC-04,96,570.0,2.479242693242791,6.982896397979669,48.17185837744557,27.533267011081524,18.127724828707095,56.26387418168232,175,cmapss_proxy_synthetic
CNC-04,97,576.0,2.6167100281313385,7.13798683181661,48.276988631726766,26.042558284616092,18.722770376423508,56.16340093540499,174,cmapss_proxy_synthetic
CNC-04,98,582.0,2.574613293142366,6.993617092744341,47.65630588975034,28.795531328636777,18.444486497162504,53.632502779013734,173,cmapss_proxy_synthetic
CNC-04,99,588.0,,6.90062987550801,48.2226856354009,29.102821236463363,19.406339032683658,55.109506083132,172,cmapss_proxy_synthetic
CNC-04,100,594.0,2.496861888619835,6.634903808004625,49.62807450259799,29.152476279763224,18.783349363586265,54.73516178032916,171,cmapss_proxy_synthetic
CNC-04,101,600.0,2.526587929387495,6.905402936462514,51.055049403108015,,17.98263436897354,55.685545175537484,170,cmapss_proxy_synthetic
CNC-04,102,606.0,2.57529009127881,7.158530601675427,45.95324295417773,28.616330306714694,18.645629550775624,56.34505954874634,169,cmapss_proxy_synthetic
CNC-04,103,612.0,2.539929195467136,6.680701605046555,46.44045167606786,27.585019194160033,18.3676444215652,54.815637202482044,168,cmapss_proxy_synthetic
CNC-04,104,618.0,2.462528699362023,,47.01805947789065,25.737121228566707,18.86023566095372,52.32802054243153,167,cmapss_proxy_synthetic
CNC-04,105,624.0,2.499431569830824,6.859022382200632,49.1307428137648,27.453060217926716,17.824531822202545,54.490711050166055,166,cmapss_proxy_synthetic
CNC-04,106,630.0,2.6561726905197176,6.808742556497367,47.612079736127384,27.90852354069211,18.16758958693396,58.51545068774278,165,cmapss_proxy_synthetic
CNC-04,107,636.0,2.5340331138064625,7.005908543616774,46.753760707416156,27.238355407330147,17.97404344904297,56.832719814407554,164,cmapss_proxy_synthetic
CNC-04,108,642.0,2.5818767143921706,7.059427540380247,48.72925746800331,27.174888854437686,18.025340498966038,49.1354243480422,163,cmapss_proxy_synthetic
CNC-04,109,648.0,2.562444343017897,7.075531521414476,48.98763091761554,26.50130367157739,17.486760960502025,54.091738706653516,162,cmapss_proxy_synthetic
CNC-04,110,654.0,2.548514851517401,6.821585427109501,47.51033495206133,26.463889394127794,18.25196931730037,55.487707155808906,161,cmapss_proxy_synthetic
CNC-04,111,660.0,2.5429113059645836,6.7148539888741094,46.30352568236423,28.853567111944724,18.148448871127187,53.6304344148136,160,cmapss_proxy_synthetic
CNC-04,112,666.0,2.6069515129437537,7.113587428098676,47.825065867761886,28.89821644629605,18.60441819511167,53.1732330544505,159,cmapss_proxy_synthetic
CNC-04,113,672.0,2.6023423554084357,6.99321096530906,47.07309953829161,27.345856041187147,17.898778734203393,53.5128510623263,158,cmapss_proxy_synthetic
CNC-04,114,678.0,2.5788640159702454,7.482601764073715,47.051826864702356,27.61885979123577,17.681958359770253,54.90540210724094,157,cmapss_proxy_synthetic
CNC-04,115,684.0,2.5201684788993153,7.52665821843812,46.668086204128905,26.60257660603513,18.33725926595143,52.16022127396396,156,cmapss_proxy_synthetic
CNC-04,116,690.0,2.6091095859323516,,48.76244788530509,28.01994282236902,17.49550069710595,56.09720450899202,155,cmapss_proxy_synthetic
CNC-04,117,696.0,2.588704227789091,7.054046138716794,47.83245375301902,,18.530293925320745,54.143554766032786,154,cmapss_proxy_synthetic
CNC-04,118,702.0,2.5844317817582465,7.391363408822786,49.023820359474755,26.33027918160987,18.555872210270955,52.81210891532653,153,cmapss_proxy_synthetic
CNC-04,119,708.0,2.8134755113218377,7.495580225750098,49.533996308877526,28.08457129371118,18.683456334949813,56.347233371599614,152,cmapss_proxy_synthetic
CNC-04,120,714.0,2.524605402236405,7.521343480734486,48.365100775392634,28.235548872899788,18.24783798091664,52.097115969251156,151,cmapss_proxy_synthetic
CNC-04,121,720.0,2.720029830499735,7.354246541225442,47.08610305474476,28.320986356561658,17.82807848131287,53.90140634476971,150,cmapss_proxy_synthetic
CNC-04,122,726.0,2.6052358787419103,7.724695544651927,49.440976788694684,29.359278047197794,18.20225165318687,54.060444558257466,149,cmapss_proxy_synthetic
CNC-04,123,732.0,2.6937974274258103,7.529102652069525,48.756458743534246,29.796836760634292,18.406949794894054,58.74146657972758,148,cmapss_proxy_synthetic
CNC-04,124,738.0,2.8869009412449693,7.609412348888616,51.99243882607374,28.00270259867046,17.96326914059448,54.28663019732565,147,cmapss_proxy_synthetic
CNC-04,125,744.0,,7.341459660787965,48.86157398112437,28.880700363501237,19.054919499792547,52.085418873370706,146,cmapss_proxy_synthetic
CNC-04,126,750.0,2.6866183458677346,7.825262733225276,49.603826701506065,28.505702486447184,18.72243684428987,54.91501535522144,145,cmapss_proxy_synthetic
CNC-04,127,756.0,2.756496406363761,7.708042239373289,49.21303255229818,28.026109479603722,18.005976639207134,56.86864940116512,144,cmapss_proxy_synthetic
CNC-04,128,762.0,2.7161013427685576,7.90963425225486,48.85807337162673,28.908243289399838,19.587078331363326,57.65911233904873,143,cmapss_proxy_synthetic
CNC-04,129,768.0,2.8603445271926407,7.9257170159579795,48.843025774147755,29.36911941626722,18.70893276111771,,142,cmapss_proxy_synthetic
